timestamp,station_id,station_name,city,state,latitude,longitude,altitude_m,temperature_c,pressure_hpa,relative_humidity_pct,source,is_anomaly,anomaly_type,anomaly_subtype,anomaly_severity,fault_parameter,fault_source,ground_truth_reason,hour,day,month,day_of_year,season,is_daytime,temperature_rate_change,pressure_rate_change,humidity_rate_change,nearest_station_id,distance_to_nearest_station_km,neighbor_temperature_difference,neighbor_pressure_difference,neighbor_humidity_difference,sensor_health_score,maintenance_required,predicted_failure_risk,is_anomaly_pred
2025-01-06 03:00:00,AWS_VAAH,Ahmedabad / Sardar Vallabhbhai Patel Intl,Ahmedabad,Gujarat,23.0772,72.6346,55.0,16.0,1012.87,55.1,NOAA/NWS ASOS via IEM Archive (provided source file),0,NORMAL,,,,,,3,6,1,6,Winter,0,-1.0,0.0,3.3999999999999986,AWS_VABO,105.10134325016924,,,,100.0,0,0.02,0
2025-01-06 03:30:00,AWS_VAAH,Ahmedabad / Sardar Vallabhbhai Patel Intl,Ahmedabad,Gujarat,23.0772,72.6346,55.0,16.0,1012.87,55.1,NOAA/NWS ASOS via IEM Archive (provided source file),0,NORMAL,,,,,,3,6,1,6,Winter,0,0.0,0.0,0.0,AWS_VABO,105.10134325016924,,,,100.0,0,0.02,0
2025-01-06 04:00:00,AWS_VAAH,Ahmedabad / Sardar Vallabhbhai Patel Intl,Ahmedabad,Gujarat,23.0772,72.6346,55.0,15.0,1012.87,58.8,NOAA/NWS ASOS via IEM Archive (provided source file),0,NORMAL,,,,,,4,6,1,6,Winter,0,-1.0,0.0,3.699999999999996,AWS_VABO,105.10134325016924,,,,100.0,0,0.02,0
2025-01-06 04:30:00,AWS_VAAH,Ahmedabad / Sardar Vallabhbhai Patel Intl,Ahmedabad,Gujarat,23.0772,72.6346,55.0,15.0,1012.87,58.8,NOAA/NWS ASOS via IEM Archive (provided source file),0,NORMAL,,,,,,4,6,1,6,Winter,0,0.0,0.0,0.0,AWS_VABO,105.10134325016924,0.0,0.0,-23.40000000000001,100.0,0,0.02,0
2025-01-06 05:00:00,AWS_VAAH,Ahmedabad / Sardar Vallabhbhai Patel Intl,Ahmedabad,Gujarat,23.0772,72.6346,55.0,14.0,1012.87,62.7,NOAA/NWS ASOS via IEM Archive (provided source file),0,NORMAL,,,,,,5,6,1,6,Winter,0,-1.0,0.0,3.9000000000000057,AWS_VABO,105.10134325016924,,,,100.0,0,0.02,0
2025-01-06 05:30:00,AWS_VAAH,Ahmedabad / Sardar Vallabhbhai Patel Intl,Ahmedabad,Gujarat,23.0772,72.6346,55.0,14.0,1012.87,62.7,NOAA/NWS ASOS via IEM Archive (provided source file),0,NORMAL,,,,,,5,6,1,6,Winter,0,0.0,0.0,0.0,AWS_VABO,105.10134325016924,0.0,0.0,-19.39999999999999,100.0,0,0.02,0
2025-01-06 06:00:00,AWS_VAAH,Ahmedabad / Sardar Vallabhbhai Patel Intl,Ahmedabad,Gujarat,23.0772,72.6346,55.0,13.0,1013.88,71.6,NOAA/NWS ASOS via IEM Archive (provided source file),0,NORMAL,,,,,,6,6,1,6,Winter,1,-1.0,1.009999999999991,8.899999999999991,AWS_VABO,105.10134325016924,0.0,1.009999999999991,-16.0,100.0,0,0.02,0
2025-01-06 06:30:00,AWS_VAAH,Ahmedabad / Sardar Vallabhbhai Patel Intl,Ahmedabad,Gujarat,23.0772,72.6346,55.0,13.0,1013.88,71.6,NOAA/NWS ASOS via IEM Archive (provided source file),0,NORMAL,,,,,,6,6,1,6,Winter,1,0.0,0.0,0.0,AWS_VABO,105.10134325016924,0.0,0.0,-10.400000000000006,100.0,0,0.02,0
2025-01-06 07:00:00,AWS_VAAH,Ahmedabad / Sardar Vallabhbhai Patel Intl,Ahmedabad,Gujarat,23.0772,72.6346,55.0,13.0,1013.88,71.6,NOAA/NWS ASOS via IEM Archive (provided source file),0,NORMAL,,,,,,7,6,1,6,Winter,1,0.0,0.0,0.0,AWS_VABO,105.10134325016924,,,,100.0,0,0.02,0
2025-01-06 07:30:00,AWS_VAAH,Ahmedabad / Sardar Vallabhbhai Patel Intl,Ahmedabad,Gujarat,23.0772,72.6346,55.0,13.0,1014.9,71.6,NOAA/NWS ASOS via IEM Archive (provided source file),0,NORMAL,,,,,,7,6,1,6,Winter,1,0.0,1.0199999999999818,0.0,AWS_VABO,105.10134325016924,0.0,1.0199999999999818,-10.400000000000006,100.0,0,0.02,0
2025-01-06 08:00:00,AWS_VAAH,Ahmedabad / Sardar Vallabhbhai Patel Intl,Ahmedabad,Gujarat,23.0772,72.6346,55.0,13.0,1014.9,71.6,NOAA/NWS ASOS via IEM Archive (provided source file),0,NORMAL,,,,,,8,6,1,6,Winter,1,0.0,0.0,0.0,AWS_VABO,105.10134325016924,0.0,0.0,-10.400000000000006,100.0,0,0.02,0
2025-01-06 08:30:00,AWS_VAAH,Ahmedabad / Sardar Vallabhbhai Patel Intl,Ahmedabad,Gujarat,23.0772,72.6346,55.0,13.0,1015.92,71.6,NOAA/NWS ASOS via IEM Archive (provided source file),0,NORMAL,,,,,,8,6,1,6,Winter,1,0.0,1.0199999999999818,0.0,AWS_VABO,105.10134325016924,-2.0,1.0199999999999818,-5.400000000000006,100.0,0,0.02,0
2025-01-06 09:00:00,AWS_VAAH,Ahmedabad / Sardar Vallabhbhai Patel Intl,Ahmedabad,Gujarat,23.0772,72.6346,55.0,14.0,1015.92,71.8,NOAA/NWS ASOS via IEM Archive (provided source file),0,NORMAL,,,,,,9,6,1,6,Winter,1,1.0,0.0,0.2000000000000028,AWS_VABO,105.10134325016924,-2.0,0.0,-0.4000000000000057,100.0,0,0.02,0
2025-01-06 09:30:00,AWS_VAAH,Ahmedabad / Sardar Vallabhbhai Patel Intl,Ahmedabad,Gujarat,23.0772,72.6346,55.0,15.0,1016.93,67.3,NOAA/NWS ASOS via IEM Archive (provided source file),0,NORMAL,,,,,,9,6,1,6,Winter,1,1.0,1.009999999999991,-4.5,AWS_VABO,105.10134325016924,-2.0,1.009999999999991,-0.5,100.0,0,0.02,0
2025-01-06 10:00:00,AWS_VAAH,Ahmedabad / Sardar Vallabhbhai Patel Intl,Ahmedabad,Gujarat,23.0772,72.6346,55.0,17.0,1016.93,59.3,NOAA/NWS ASOS via IEM Archive (provided source file),0,NORMAL,,,,,,10,6,1,6,Winter,1,2.0,0.0,-8.0,AWS_VABO,105.10134325016924,-2.0,1.009999999999991,-4.5,100.0,0,0.02,0
2025-01-06 10:30:00,AWS_VAAH,Ahmedabad / Sardar Vallabhbhai Patel Intl,Ahmedabad,Gujarat,23.0772,72.6346,55.0,19.0,1016.93,48.8,NOAA/NWS ASOS via IEM Archive (provided source file),0,NORMAL,,,,,,10,6,1,6,Winter,1,2.0,0.0,-10.5,AWS_VABO,105.10134325016924,-1.0,1.009999999999991,-11.200000000000005,100.0,0,0.02,0
2025-01-06 11:00:00,AWS_VAAH,Ahmedabad / Sardar Vallabhbhai Patel Intl,Ahmedabad,Gujarat,23.0772,72.6346,55.0,20.0,1016.93,49.1,NOAA/NWS ASOS via IEM Archive (provided source file),0,NORMAL,,,,,,11,6,1,6,Winter,1,1.0,0.0,0.3000000000000042,AWS_VABO,105.10134325016924,-2.0,1.009999999999991,-3.899999999999999,100.0,0,0.02,0
2025-01-06 11:30:00,AWS_VAAH,Ahmedabad / Sardar Vallabhbhai Patel Intl,Ahmedabad,Gujarat,23.0772,72.6346,55.0,21.0,1015.92,46.2,NOAA/NWS ASOS via IEM Archive (provided source file),0,NORMAL,,,,,,11,6,1,6,Winter,1,1.0,-1.009999999999991,-2.8999999999999986,AWS_VABO,105.10134325016924,-2.0,0.0,-3.699999999999996,100.0,0,0.02,0
2025-01-06 12:00:00,AWS_VAAH,Ahmedabad / Sardar Vallabhbhai Patel Intl,Ahmedabad,Gujarat,23.0772,72.6346,55.0,23.0,1015.92,40.8,NOAA/NWS ASOS via IEM Archive (provided source file),0,NORMAL,,,,,,12,6,1,6,Winter,1,2.0,0.0,-5.400000000000006,AWS_VABO,105.10134325016924,-1.0,1.0199999999999818,-6.200000000000003,100.0,0,0.02,0
2025-01-06 12:30:00,AWS_VAAH,Ahmedabad / Sardar Vallabhbhai Patel Intl,Ahmedabad,Gujarat,23.0772,72.6346,55.0,23.0,1014.9,38.2,NOAA/NWS ASOS via IEM Archive (provided source file),0,NORMAL,,,,,,12,6,1,6,Winter,1,0.0,-1.0199999999999818,-2.5999999999999943,AWS_VABO,105.10134325016924,-2.0,0.0,-6.0,100.0,0,0.02,0
2025-01-06 13:00:00,AWS_VAAH,Ahmedabad / Sardar Vallabhbhai Patel Intl,Ahmedabad,Gujarat,23.0772,72.6346,55.0,24.0,1014.9,35.9,NOAA/NWS ASOS via IEM Archive (provided source file),0,NORMAL,,,,,,13,6,1,6,Winter,1,1.0,0.0,-2.3000000000000043,AWS_VABO,105.10134325016924,-2.0,1.0199999999999818,-5.800000000000004,100.0,0,0.02,0
2025-01-06 13:30:00,AWS_VAAH,Ahmedabad / Sardar Vallabhbhai Patel Intl,Ahmedabad,Gujarat,23.0772,72.6346,55.0,24.0,1013.88,33.6,NOAA/NWS ASOS via IEM Archive (provided source file),0,NORMAL,,,,,,13,6,1,6,Winter,1,0.0,-1.0199999999999818,-2.299999999999997,AWS_VABO,105.10134325016924,-2.0,0.0,-5.399999999999999,100.0,0,0.02,0
2025-01-06 14:00:00,AWS_VAAH,Ahmedabad / Sardar Vallabhbhai Patel Intl,Ahmedabad,Gujarat,23.0772,72.6346,55.0,24.0,1013.88,33.6,NOAA/NWS ASOS via IEM Archive (provided source file),0,NORMAL,,,,,,14,6,1,6,Winter,1,0.0,0.0,0.0,AWS_VABO,105.10134325016924,-2.0,1.009999999999991,-2.8999999999999986,100.0,0,0.02,0
2025-01-06 14:30:00,AWS_VAAH,Ahmedabad / Sardar Vallabhbhai Patel Intl,Ahmedabad,Gujarat,23.0772,72.6346,55.0,25.0,1013.88,33.8,NOAA/NWS ASOS via IEM Archive (provided source file),0,NORMAL,,,,,,14,6,1,6,Winter,1,1.0,0.0,0.1999999999999957,AWS_VABO,105.10134325016924,-2.0,1.009999999999991,-0.6000000000000014,100.0,0,0.02,0
2025-01-06 15:00:00,AWS_VAAH,Ahmedabad / Sardar Vallabhbhai Patel Intl,Ahmedabad,Gujarat,23.0772,72.6346,55.0,25.0,1012.87,33.8,NOAA/NWS ASOS via IEM Archive (provided source file),0,NORMAL,,,,,,15,6,1,6,Winter,1,0.0,-1.009999999999991,0.0,AWS_VABO,105.10134325016924,-2.0,1.0199999999999818,1.5999999999999943,100.0,0,0.02,0
2025-01-06 15:30:00,AWS_VAAH,Ahmedabad / Sardar Vallabhbhai Patel Intl,Ahmedabad,Gujarat,23.0772,72.6346,55.0,25.0,1012.87,29.5,NOAA/NWS ASOS via IEM Archive (provided source file),0,NORMAL,,,,,,15,6,1,6,Winter,1,0.0,0.0,-4.299999999999997,AWS_VABO,105.10134325016924,-2.0,1.0199999999999818,-0.6000000000000014,100.0,0,0.02,0
2025-01-06 16:00:00,AWS_VAAH,Ahmedabad / Sardar Vallabhbhai Patel Intl,Ahmedabad,Gujarat,23.0772,72.6346,55.0,25.0,1012.87,29.5,NOAA/NWS ASOS via IEM Archive (provided source file),0,NORMAL,,,,,,16,6,1,6,Winter,1,0.0,0.0,0.0,AWS_VABO,105.10134325016924,-2.0,1.0199999999999818,-0.6000000000000014,100.0,0,0.02,0
2025-01-06 16:30:00,AWS_VAAH,Ahmedabad / Sardar Vallabhbhai Patel Intl,Ahmedabad,Gujarat,23.0772,72.6346,55.0,25.0,1012.87,29.5,NOAA/NWS ASOS via IEM Archive (provided source file),0,NORMAL,,,,,,16,6,1,6,Winter,1,0.0,0.0,0.0,AWS_VABO,105.10134325016924,-1.0,1.0199999999999818,-4.600000000000001,100.0,0,0.02,0
2025-01-06 17:30:00,AWS_VAAH,Ahmedabad / Sardar Vallabhbhai Patel Intl,Ahmedabad,Gujarat,23.0772,72.6346,55.0,25.0,1012.87,27.5,NOAA/NWS ASOS via IEM Archive (provided source file),0,NORMAL,,,,,,17,6,1,6,Winter,1,0.0,0.0,-2.0,AWS_VABO,105.10134325016924,-1.0,0.0,-11.5,100.0,0,0.02,0
2025-01-06 18:00:00,AWS_VAAH,Ahmedabad / Sardar Vallabhbhai Patel Intl,Ahmedabad,Gujarat,23.0772,72.6346,55.0,23.0,1012.87,33.3,NOAA/NWS ASOS via IEM Archive (provided source file),0,NORMAL,,,,,,18,6,1,6,Winter,0,-2.0,0.0,5.799999999999997,AWS_VABO,105.10134325016924,0.0,0.0,-7.5,100.0,0,0.02,0
2025-01-06 18:30:00,AWS_VAAH,Ahmedabad / Sardar Vallabhbhai Patel Intl,Ahmedabad,Gujarat,23.0772,72.6346,55.0,23.0,1013.88,35.7,NOAA/NWS ASOS via IEM Archive (provided source file),0,NORMAL,,,,,,18,6,1,6,Winter,0,0.0,1.009999999999991,2.4000000000000057,AWS_VABO,105.10134325016924,1.0,1.009999999999991,-7.699999999999996,100.0,0,0.02,0
2025-01-06 19:00:00,AWS_VAAH,Ahmedabad / Sardar Vallabhbhai Patel Intl,Ahmedabad,Gujarat,23.0772,72.6346,55.0,22.0,1013.88,40.6,NOAA/NWS ASOS via IEM Archive (provided source file),0,NORMAL,,,,,,19,6,1,6,Winter,0,-1.0,0.0,4.899999999999999,AWS_VABO,105.10134325016924,1.0,1.009999999999991,-5.600000000000001,100.0,0,0.02,0
2025-01-06 19:30:00,AWS_VAAH,Ahmedabad / Sardar Vallabhbhai Patel Intl,Ahmedabad,Gujarat,23.0772,72.6346,55.0,22.0,1013.88,40.6,NOAA/NWS ASOS via IEM Archive (provided source file),0,NORMAL,,,,,,19,6,1,6,Winter,0,0.0,0.0,0.0,AWS_VABO,105.10134325016924,2.0,0.0,-11.9,100.0,0,0.02,0
2025-01-06 20:00:00,AWS_VAAH,Ahmedabad / Sardar Vallabhbhai Patel Intl,Ahmedabad,Gujarat,23.0772,72.6346,55.0,22.0,1014.9,40.6,NOAA/NWS ASOS via IEM Archive (provided source file),0,NORMAL,,,,,,20,6,1,6,Winter,0,0.0,1.0199999999999818,0.0,AWS_VABO,105.10134325016924,3.0,1.0199999999999818,-15.299999999999995,100.0,0,0.02,0
2025-01-06 20:30:00,AWS_VAAH,Ahmedabad / Sardar Vallabhbhai Patel Intl,Ahmedabad,Gujarat,23.0772,72.6346,55.0,21.0,1014.9,40.3,NOAA/NWS ASOS via IEM Archive (provided source file),0,NORMAL,,,,,,20,6,1,6,Winter,0,-1.0,0.0,-0.3000000000000042,AWS_VABO,105.10134325016924,1.0,1.0199999999999818,-12.200000000000005,100.0,0,0.02,0
2025-01-06 21:00:00,AWS_VAAH,Ahmedabad / Sardar Vallabhbhai Patel Intl,Ahmedabad,Gujarat,23.0772,72.6346,55.0,21.0,1014.9,37.6,NOAA/NWS ASOS via IEM Archive (provided source file),0,NORMAL,,,,,,21,6,1,6,Winter,0,0.0,0.0,-2.699999999999996,AWS_VABO,105.10134325016924,3.0,0.0,-21.9,100.0,0,0.02,0
2025-01-06 21:30:00,AWS_VAAH,Ahmedabad / Sardar Vallabhbhai Patel Intl,Ahmedabad,Gujarat,23.0772,72.6346,55.0,20.0,1015.92,40.0,NOAA/NWS ASOS via IEM Archive (provided source file),0,NORMAL,,,,,,21,6,1,6,Winter,0,-1.0,1.0199999999999818,2.3999999999999986,AWS_VABO,105.10134325016924,3.0,1.0199999999999818,-23.4,100.0,0,0.02,0
2025-01-06 22:00:00,AWS_VAAH,Ahmedabad / Sardar Vallabhbhai Patel Intl,Ahmedabad,Gujarat,23.0772,72.6346,55.0,19.0,1015.92,42.6,NOAA/NWS ASOS via IEM Archive (provided source file),0,NORMAL,,,,,,22,6,1,6,Winter,0,-1.0,0.0,2.6000000000000014,AWS_VABO,105.10134325016924,2.0,1.0199999999999818,-20.8,100.0,0,0.02,0
2025-01-06 22:30:00,AWS_VAAH,Ahmedabad / Sardar Vallabhbhai Patel Intl,Ahmedabad,Gujarat,23.0772,72.6346,55.0,18.0,1015.92,48.6,NOAA/NWS ASOS via IEM Archive (provided source file),0,NORMAL,,,,,,22,6,1,6,Winter,0,-1.0,0.0,6.0,AWS_VABO,105.10134325016924,1.0,1.0199999999999818,-14.799999999999995,100.0,0,0.02,0
2025-01-06 23:00:00,AWS_VAAH,Ahmedabad / Sardar Vallabhbhai Patel Intl,Ahmedabad,Gujarat,23.0772,72.6346,55.0,18.0,1015.92,48.6,NOAA/NWS ASOS via IEM Archive (provided source file),0,NORMAL,,,,,,23,6,1,6,Winter,0,0.0,0.0,0.0,AWS_VABO,105.10134325016924,,,,100.0,0,0.02,0
2025-01-06 23:30:00,AWS_VAAH,Ahmedabad / Sardar Vallabhbhai Patel Intl,Ahmedabad,Gujarat,23.0772,72.6346,55.0,18.0,1015.92,45.3,NOAA/NWS ASOS via IEM Archive (provided source file),0,NORMAL,,,,,,23,6,1,6,Winter,0,0.0,0.0,-3.3000000000000043,AWS_VABO,105.10134325016924,,,,100.0,0,0.02,0
2025-01-06 03:00:00,AWS_VABB,Mumbai / Chhatrapati Shivaji Maharaj Intl,Mumbai,Maharashtra,19.1005,72.8585,8.0,23.0,1011.85,56.9,NOAA/NWS ASOS via IEM Archive (provided source file),0,NORMAL,,,,,,3,6,1,6,Winter,0,0.0,0.0,0.0,AWS_VABO,361.9683694910127,,,,100.0,0,0.02,0
2025-01-06 03:30:00,AWS_VABB,Mumbai / Chhatrapati Shivaji Maharaj Intl,Mumbai,Maharashtra,19.1005,72.8585,8.0,22.0,1010.84,60.4,NOAA/NWS ASOS via IEM Archive (provided source file),0,NORMAL,,,,,,3,6,1,6,Winter,0,-1.0,-1.009999999999991,3.5,AWS_VABO,361.9683694910127,,,,100.0,0,0.02,0
2025-01-06 04:00:00,AWS_VABB,Mumbai / Chhatrapati Shivaji Maharaj Intl,Mumbai,Maharashtra,19.1005,72.8585,8.0,22.0,1011.85,60.4,NOAA/NWS ASOS via IEM Archive (provided source file),0,NORMAL,,,,,,4,6,1,6,Winter,0,0.0,1.009999999999991,0.0,AWS_VABO,361.9683694910127,,,,100.0,0,0.02,0
2025-01-06 04:30:00,AWS_VABB,Mumbai / Chhatrapati Shivaji Maharaj Intl,Mumbai,Maharashtra,19.1005,72.8585,8.0,22.0,1010.84,60.4,NOAA/NWS ASOS via IEM Archive (provided source file),0,NORMAL,,,,,,4,6,1,6,Winter,0,0.0,-1.009999999999991,0.0,AWS_VABO,361.9683694910127,7.0,-2.0299999999999727,-21.800000000000004,100.0,0,0.02,0
2025-01-06 05:00:00,AWS_VABB,Mumbai / Chhatrapati Shivaji Maharaj Intl,Mumbai,Maharashtra,19.1005,72.8585,8.0,22.0,1011.85,60.4,NOAA/NWS ASOS via IEM Archive (provided source file),0,NORMAL,,,,,,5,6,1,6,Winter,0,0.0,1.009999999999991,0.0,AWS_VABO,361.9683694910127,,,,100.0,0,0.02,0
2025-01-06 05:30:00,AWS_VABB,Mumbai / Chhatrapati Shivaji Maharaj Intl,Mumbai,Maharashtra,19.1005,72.8585,8.0,22.0,1011.85,56.6,NOAA/NWS ASOS via IEM Archive (provided source file),0,NORMAL,,,,,,5,6,1,6,Winter,0,0.0,0.0,-3.799999999999997,AWS_VABO,361.9683694910127,8.0,-1.0199999999999818,-25.499999999999996,100.0,0,0.02,0
2025-01-06 06:00:00,AWS_VABB,Mumbai / Chhatrapati Shivaji Maharaj Intl,Mumbai,Maharashtra,19.1005,72.8585,8.0,21.0,1011.85,60.2,NOAA/NWS ASOS via IEM Archive (provided source file),0,NORMAL,,,,,,6,6,1,6,Winter,1,-1.0,0.0,3.6000000000000014,AWS_VABO,361.9683694910127,8.0,-1.0199999999999818,-27.39999999999999,100.0,0,0.02,0
2025-01-06 06:30:00,AWS_VABB,Mumbai / Chhatrapati Shivaji Maharaj Intl,Mumbai,Maharashtra,19.1005,72.8585,8.0,22.0,1011.85,56.6,NOAA/NWS ASOS via IEM Archive (provided source file),0,NORMAL,,,,,,6,6,1,6,Winter,1,1.0,0.0,-3.6000000000000014,AWS_VABO,361.9683694910127,9.0,-2.0299999999999727,-25.4,100.0,0,0.02,0
2025-01-06 07:00:00,AWS_VABB,Mumbai / Chhatrapati Shivaji Maharaj Intl,Mumbai,Maharashtra,19.1005,72.8585,8.0,21.0,1012.87,60.2,NOAA/NWS ASOS via IEM Archive (provided source file),0,NORMAL,,,,,,7,6,1,6,Winter,1,-1.0,1.0199999999999818,3.6000000000000014,AWS_VABO,361.9683694910127,,,,100.0,0,0.02,0
2025-01-06 07:30:00,AWS_VABB,Mumbai / Chhatrapati Shivaji Maharaj Intl,Mumbai,Maharashtra,19.1005,72.8585,8.0,22.0,1012.87,56.6,NOAA/NWS ASOS via IEM Archive (provided source file),0,NORMAL,,,,,,7,6,1,6,Winter,1,1.0,0.0,-3.6000000000000014,AWS_VABO,361.9683694910127,9.0,-1.009999999999991,-25.4,100.0,0,0.02,0
2025-01-06 08:00:00,AWS_VABB,Mumbai / Chhatrapati Shivaji Maharaj Intl,Mumbai,Maharashtra,19.1005,72.8585,8.0,22.0,1012.87,56.6,NOAA/NWS ASOS via IEM Archive (provided source file),0,NORMAL,,,,,,8,6,1,6,Winter,1,0.0,0.0,0.0,AWS_VABO,361.9683694910127,9.0,-2.0299999999999727,-25.4,100.0,0,0.02,0
2025-01-06 08:30:00,AWS_VABB,Mumbai / Chhatrapati Shivaji Maharaj Intl,Mumbai,Maharashtra,19.1005,72.8585,8.0,22.0,1013.88,56.6,NOAA/NWS ASOS via IEM Archive (provided source file),0,NORMAL,,,,,,8,6,1,6,Winter,1,0.0,1.009999999999991,0.0,AWS_VABO,361.9683694910127,7.0,-1.0199999999999818,-20.4,100.0,0,0.02,0
2025-01-06 09:00:00,AWS_VABB,Mumbai / Chhatrapati Shivaji Maharaj Intl,Mumbai,Maharashtra,19.1005,72.8585,8.0,22.0,1014.9,56.6,NOAA/NWS ASOS via IEM Archive (provided source file),0,NORMAL,,,,,,9,6,1,6,Winter,1,0.0,1.0199999999999818,0.0,AWS_VABO,361.9683694910127,6.0,-1.0199999999999818,-15.6,100.0,0,0.02,0
2025-01-06 09:30:00,AWS_VABB,Mumbai / Chhatrapati Shivaji Maharaj Intl,Mumbai,Maharashtra,19.1005,72.8585,8.0,23.0,1014.9,53.3,NOAA/NWS ASOS via IEM Archive (provided source file),0,NORMAL,,,,,,9,6,1,6,Winter,1,1.0,0.0,-3.3000000000000043,AWS_VABO,361.9683694910127,6.0,-1.0199999999999818,-14.5,100.0,0,0.02,0
2025-01-06 10:00:00,AWS_VABB,Mumbai / Chhatrapati Shivaji Maharaj Intl,Mumbai,Maharashtra,19.1005,72.8585,8.0,24.0,1014.9,47.0,NOAA/NWS ASOS via IEM Archive (provided source file),0,NORMAL,,,,,,10,6,1,6,Winter,1,1.0,0.0,-6.299999999999997,AWS_VABO,361.9683694910127,5.0,-1.0199999999999818,-16.799999999999997,100.0,0,0.02,0
2025-01-06 10:30:00,AWS_VABB,Mumbai / Chhatrapati Shivaji Maharaj Intl,Mumbai,Maharashtra,19.1005,72.8585,8.0,25.0,1014.9,47.2,NOAA/NWS ASOS via IEM Archive (provided source file),0,NORMAL,,,,,,10,6,1,6,Winter,1,1.0,0.0,0.2000000000000028,AWS_VABO,361.9683694910127,5.0,-1.0199999999999818,-12.799999999999995,100.0,0,0.02,0
2025-01-06 11:00:00,AWS_VABB,Mumbai / Chhatrapati Shivaji Maharaj Intl,Mumbai,Maharashtra,19.1005,72.8585,8.0,26.0,1014.9,44.5,NOAA/NWS ASOS via IEM Archive (provided source file),0,NORMAL,,,,,,11,6,1,6,Winter,1,1.0,0.0,-2.700000000000003,AWS_VABO,361.9683694910127,4.0,-1.0199999999999818,-8.5,100.0,0,0.02,0
2025-01-06 11:30:00,AWS_VABB,Mumbai / Chhatrapati Shivaji Maharaj Intl,Mumbai,Maharashtra,19.1005,72.8585,8.0,27.0,1013.88,42.0,NOAA/NWS ASOS via IEM Archive (provided source file),0,NORMAL,,,,,,11,6,1,6,Winter,1,1.0,-1.0199999999999818,-2.5,AWS_VABO,361.9683694910127,4.0,-2.039999999999964,-7.899999999999999,100.0,0,0.02,0
2025-01-06 12:00:00,AWS_VABB,Mumbai / Chhatrapati Shivaji Maharaj Intl,Mumbai,Maharashtra,19.1005,72.8585,8.0,28.0,1013.88,37.1,NOAA/NWS ASOS via IEM Archive (provided source file),0,NORMAL,,,,,,12,6,1,6,Winter,1,1.0,0.0,-4.899999999999999,AWS_VABO,361.9683694910127,4.0,-1.0199999999999818,-9.9,100.0,0,0.02,0
2025-01-06 12:30:00,AWS_VABB,Mumbai / Chhatrapati Shivaji Maharaj Intl,Mumbai,Maharashtra,19.1005,72.8585,8.0,28.0,1012.87,39.6,NOAA/NWS ASOS via IEM Archive (provided source file),0,NORMAL,,,,,,12,6,1,6,Winter,1,0.0,-1.009999999999991,2.5,AWS_VABO,361.9683694910127,3.0,-2.0299999999999727,-4.600000000000001,100.0,0,0.02,0
2025-01-06 13:30:00,AWS_VABB,Mumbai / Chhatrapati Shivaji Maharaj Intl,Mumbai,Maharashtra,19.1005,72.8585,8.0,29.0,1011.85,37.4,NOAA/NWS ASOS via IEM Archive (provided source file),0,NORMAL,,,,,,13,6,1,6,Winter,1,1.0,-1.0199999999999818,-2.200000000000003,AWS_VABO,361.9683694910127,3.0,-2.0299999999999727,-1.6000000000000014,100.0,0,0.02,0
2025-01-06 14:00:00,AWS_VABB,Mumbai / Chhatrapati Shivaji Maharaj Intl,Mumbai,Maharashtra,19.1005,72.8585,8.0,29.0,1010.84,37.4,NOAA/NWS ASOS via IEM Archive (provided source file),0,NORMAL,,,,,,14,6,1,6,Winter,1,0.0,-1.009999999999991,0.0,AWS_VABO,361.9683694910127,3.0,-2.0299999999999727,0.8999999999999986,100.0,0,0.02,0
2025-01-06 14:30:00,AWS_VABB,Mumbai / Chhatrapati Shivaji Maharaj Intl,Mumbai,Maharashtra,19.1005,72.8585,8.0,29.0,1010.84,39.9,NOAA/NWS ASOS via IEM Archive (provided source file),0,NORMAL,,,,,,14,6,1,6,Winter,1,0.0,0.0,2.5,AWS_VABO,361.9683694910127,2.0,-2.0299999999999727,5.5,100.0,0,0.02,0
2025-01-06 15:00:00,AWS_VABB,Mumbai / Chhatrapati Shivaji Maharaj Intl,Mumbai,Maharashtra,19.1005,72.8585,8.0,29.0,1010.84,42.5,NOAA/NWS ASOS via IEM Archive (provided source file),0,NORMAL,,,,,,15,6,1,6,Winter,1,0.0,0.0,2.6000000000000014,AWS_VABO,361.9683694910127,2.0,-1.009999999999991,10.299999999999995,100.0,0,0.02,0
2025-01-06 15:30:00,AWS_VABB,Mumbai / Chhatrapati Shivaji Maharaj Intl,Mumbai,Maharashtra,19.1005,72.8585,8.0,28.0,1010.84,45.1,NOAA/NWS ASOS via IEM Archive (provided source file),0,NORMAL,,,,,,15,6,1,6,Winter,1,-1.0,0.0,2.6000000000000014,AWS_VABO,361.9683694910127,1.0,-1.009999999999991,15.0,100.0,0,0.02,0
2025-01-06 16:00:00,AWS_VABB,Mumbai / Chhatrapati Shivaji Maharaj Intl,Mumbai,Maharashtra,19.1005,72.8585,8.0,27.0,1010.16,44.8,NOAA/NWS ASOS via IEM Archive (provided source file),0,NORMAL,,,,,,16,6,1,6,Winter,1,-1.0,-0.6800000000000637,-0.3000000000000042,AWS_VABO,361.9683694910127,0.0,-1.6900000000000546,14.699999999999996,100.0,0,0.02,0
2025-01-06 16:30:00,AWS_VABB,Mumbai / Chhatrapati Shivaji Maharaj Intl,Mumbai,Maharashtra,19.1005,72.8585,8.0,27.0,1010.16,44.8,NOAA/NWS ASOS via IEM Archive (provided source file),0,NORMAL,,,,,,16,6,1,6,Winter,1,0.0,0.0,0.0,AWS_VABO,361.9683694910127,1.0,-1.6900000000000546,10.699999999999996,100.0,0,0.02,0
2025-01-06 17:00:00,AWS_VABB,Mumbai / Chhatrapati Shivaji Maharaj Intl,Mumbai,Maharashtra,19.1005,72.8585,8.0,26.0,1010.84,47.5,NOAA/NWS ASOS via IEM Archive (provided source file),0,NORMAL,,,,,,17,6,1,6,Winter,1,-1.0,0.6800000000000637,2.700000000000003,AWS_VABO,361.9683694910127,0.0,-1.009999999999991,13.4,100.0,0,0.02,0
2025-01-06 17:30:00,AWS_VABB,Mumbai / Chhatrapati Shivaji Maharaj Intl,Mumbai,Maharashtra,19.1005,72.8585,8.0,25.0,1010.84,53.8,NOAA/NWS ASOS via IEM Archive (provided source file),0,NORMAL,,,,,,17,6,1,6,Winter,1,-1.0,0.0,6.299999999999997,AWS_VABO,361.9683694910127,-1.0,-2.0299999999999727,14.799999999999995,100.0,0,0.02,0
2025-01-06 18:00:00,AWS_VABB,Mumbai / Chhatrapati Shivaji Maharaj Intl,Mumbai,Maharashtra,19.1005,72.8585,8.0,25.0,1010.84,53.8,NOAA/NWS ASOS via IEM Archive (provided source file),0,NORMAL,,,,,,18,6,1,6,Winter,0,0.0,0.0,0.0,AWS_VABO,361.9683694910127,2.0,-2.0299999999999727,13.0,100.0,0,0.02,0
2025-01-06 18:30:00,AWS_VABB,Mumbai / Chhatrapati Shivaji Maharaj Intl,Mumbai,Maharashtra,19.1005,72.8585,8.0,25.0,1010.84,57.4,NOAA/NWS ASOS via IEM Archive (provided source file),0,NORMAL,,,,,,18,6,1,6,Winter,0,0.0,0.0,3.6000000000000014,AWS_VABO,361.9683694910127,3.0,-2.0299999999999727,14.0,100.0,0,0.02,0
2025-01-06 19:00:00,AWS_VABB,Mumbai / Chhatrapati Shivaji Maharaj Intl,Mumbai,Maharashtra,19.1005,72.8585,8.0,24.0,1010.84,60.9,NOAA/NWS ASOS via IEM Archive (provided source file),0,NORMAL,,,,,,19,6,1,6,Winter,0,-1.0,0.0,3.5,AWS_VABO,361.9683694910127,3.0,-2.0299999999999727,14.699999999999996,100.0,0,0.02,0
2025-01-06 19:30:00,AWS_VABB,Mumbai / Chhatrapati Shivaji Maharaj Intl,Mumbai,Maharashtra,19.1005,72.8585,8.0,24.0,1011.85,57.1,NOAA/NWS ASOS via IEM Archive (provided source file),0,NORMAL,,,,,,19,6,1,6,Winter,0,0.0,1.009999999999991,-3.799999999999997,AWS_VABO,361.9683694910127,4.0,-2.0299999999999727,4.600000000000001,100.0,0,0.02,0
2025-01-06 20:00:00,AWS_VABB,Mumbai / Chhatrapati Shivaji Maharaj Intl,Mumbai,Maharashtra,19.1005,72.8585,8.0,24.0,1011.85,57.1,NOAA/NWS ASOS via IEM Archive (provided source file),0,NORMAL,,,,,,20,6,1,6,Winter,0,0.0,0.0,0.0,AWS_VABO,361.9683694910127,5.0,-2.0299999999999727,1.2000000000000028,100.0,0,0.02,0
2025-01-06 20:30:00,AWS_VABB,Mumbai / Chhatrapati Shivaji Maharaj Intl,Mumbai,Maharashtra,19.1005,72.8585,8.0,24.0,1012.87,57.1,NOAA/NWS ASOS via IEM Archive (provided source file),0,NORMAL,,,,,,20,6,1,6,Winter,0,0.0,1.0199999999999818,0.0,AWS_VABO,361.9683694910127,4.0,-1.009999999999991,4.600000000000001,100.0,0,0.02,0
2025-01-06 21:00:00,AWS_VABB,Mumbai / Chhatrapati Shivaji Maharaj Intl,Mumbai,Maharashtra,19.1005,72.8585,8.0,24.0,1012.87,57.1,NOAA/NWS ASOS via IEM Archive (provided source file),0,NORMAL,,,,,,21,6,1,6,Winter,0,0.0,0.0,0.0,AWS_VABO,361.9683694910127,6.0,-2.0299999999999727,-2.3999999999999986,100.0,0,0.02,0
2025-01-06 21:30:00,AWS_VABB,Mumbai / Chhatrapati Shivaji Maharaj Intl,Mumbai,Maharashtra,19.1005,72.8585,8.0,23.0,1012.87,60.7,NOAA/NWS ASOS via IEM Archive (provided source file),0,NORMAL,,,,,,21,6,1,6,Winter,0,-1.0,0.0,3.6000000000000014,AWS_VABO,361.9683694910127,6.0,-2.0299999999999727,-2.699999999999996,100.0,0,0.02,0
2025-01-06 22:00:00,AWS_VABB,Mumbai / Chhatrapati Shivaji Maharaj Intl,Mumbai,Maharashtra,19.1005,72.8585,8.0,23.0,1013.88,60.7,NOAA/NWS ASOS via IEM Archive (provided source file),0,NORMAL,,,,,,22,6,1,6,Winter,0,0.0,1.009999999999991,0.0,AWS_VABO,361.9683694910127,6.0,-1.0199999999999818,-2.699999999999996,100.0,0,0.02,0
2025-01-06 22:30:00,AWS_VABB,Mumbai / Chhatrapati Shivaji Maharaj Intl,Mumbai,Maharashtra,19.1005,72.8585,8.0,23.0,1012.87,60.7,NOAA/NWS ASOS via IEM Archive (provided source file),0,NORMAL,,,,,,22,6,1,6,Winter,0,0.0,-1.009999999999991,0.0,AWS_VABO,361.9683694910127,6.0,-2.0299999999999727,-2.699999999999996,100.0,0,0.02,0
2025-01-06 23:00:00,AWS_VABB,Mumbai / Chhatrapati Shivaji Maharaj Intl,Mumbai,Maharashtra,19.1005,72.8585,8.0,22.0,1012.87,60.4,NOAA/NWS ASOS via IEM Archive (provided source file),0,NORMAL,,,,,,23,6,1,6,Winter,0,-1.0,0.0,-0.3000000000000042,AWS_VABO,361.9683694910127,,,,100.0,0,0.02,0
2025-01-06 23:30:00,AWS_VABB,Mumbai / Chhatrapati Shivaji Maharaj Intl,Mumbai,Maharashtra,19.1005,72.8585,8.0,22.0,1012.87,60.4,NOAA/NWS ASOS via IEM Archive (provided source file),0,NORMAL,,,,,,23,6,1,6,Winter,0,0.0,0.0,0.0,AWS_VABO,361.9683694910127,,,,100.0,0,0.02,0
2025-01-06 04:30:00,AWS_VABO,Vadodara / Vadodara Airport,Vadodara,Gujarat,22.3333,73.2667,44.7,15.0,1012.87,82.2,NOAA/NWS ASOS via IEM Archive (provided source file),0,NORMAL,,,,,,4,6,1,6,Winter,0,-7.0,-1.009999999999991,25.6,AWS_VAAH,105.10134325016924,0.0,0.0,23.40000000000001,100.0,0,0.02,1
2025-01-06 05:30:00,AWS_VABO,Vadodara / Vadodara Airport,Vadodara,Gujarat,22.3333,73.2667,44.7,14.0,1012.87,82.1,NOAA/NWS ASOS via IEM Archive (provided source file),0,NORMAL,,,,,,5,6,1,6,Winter,0,-1.0,0.0,-0.1000000000000085,AWS_VAAH,105.10134325016924,0.0,0.0,19.39999999999999,100.0,0,0.02,0
2025-01-06 06:00:00,AWS_VABO,Vadodara / Vadodara Airport,Vadodara,Gujarat,22.3333,73.2667,44.7,13.0,1012.87,87.6,NOAA/NWS ASOS via IEM Archive (provided source file),0,NORMAL,,,,,,6,6,1,6,Winter,1,-1.0,0.0,5.5,AWS_VAAH,105.10134325016924,0.0,-1.009999999999991,16.0,100.0,0,0.02,0
2025-01-06 06:30:00,AWS_VABO,Vadodara / Vadodara Airport,Vadodara,Gujarat,22.3333,73.2667,44.7,13.0,1013.88,82.0,NOAA/NWS ASOS via IEM Archive (provided source file),0,NORMAL,,,,,,6,6,1,6,Winter,1,0.0,1.009999999999991,-5.599999999999994,AWS_VAAH,105.10134325016924,0.0,0.0,10.400000000000006,100.0,0,0.02,0
2025-01-06 07:01:00,AWS_VABO,Vadodara / Vadodara Airport,Vadodara,Gujarat,22.3333,73.2667,44.7,12.0,1013.88,93.6,NOAA/NWS ASOS via IEM Archive (provided source file),0,NORMAL,,,,,,7,6,1,6,Winter,1,-1.0,0.0,11.599999999999994,AWS_VAAH,105.10134325016924,,,,100.0,0,0.02,0
2025-01-06 07:30:00,AWS_VABO,Vadodara / Vadodara Airport,Vadodara,Gujarat,22.3333,73.2667,44.7,13.0,1013.88,82.0,NOAA/NWS ASOS via IEM Archive (provided source file),0,NORMAL,,,,,,7,6,1,6,Winter,1,1.0,0.0,-11.599999999999994,AWS_VAAH,105.10134325016924,0.0,-1.0199999999999818,10.400000000000006,100.0,0,0.02,0
2025-01-06 08:00:00,AWS_VABO,Vadodara / Vadodara Airport,Vadodara,Gujarat,22.3333,73.2667,44.7,13.0,1014.9,82.0,NOAA/NWS ASOS via IEM Archive (provided source file),0,NORMAL,,,,,,8,6,1,6,Winter,1,0.0,1.0199999999999818,0.0,AWS_VAAH,105.10134325016924,0.0,0.0,10.400000000000006,100.0,0,0.02,0
2025-01-06 08:30:00,AWS_VABO,Vadodara / Vadodara Airport,Vadodara,Gujarat,22.3333,73.2667,44.7,15.0,1014.9,77.0,NOAA/NWS ASOS via IEM Archive (provided source file),0,NORMAL,,,,,,8,6,1,6,Winter,1,2.0,0.0,-5.0,AWS_VAAH,105.10134325016924,2.0,-1.0199999999999818,5.400000000000006,100.0,0,0.02,0
2025-01-06 09:00:00,AWS_VABO,Vadodara / Vadodara Airport,Vadodara,Gujarat,22.3333,73.2667,44.7,16.0,1015.92,72.2,NOAA/NWS ASOS via IEM Archive (provided source file),0,NORMAL,,,,,,9,6,1,6,Winter,1,1.0,1.0199999999999818,-4.799999999999997,AWS_VAAH,105.10134325016924,2.0,0.0,0.4000000000000057,100.0,0,0.02,0
2025-01-06 09:30:00,AWS_VABO,Vadodara / Vadodara Airport,Vadodara,Gujarat,22.3333,73.2667,44.7,17.0,1015.92,67.8,NOAA/NWS ASOS via IEM Archive (provided source file),0,NORMAL,,,,,,9,6,1,6,Winter,1,1.0,0.0,-4.400000000000006,AWS_VAAH,105.10134325016924,2.0,-1.009999999999991,0.5,100.0,0,0.02,0
2025-01-06 10:00:00,AWS_VABO,Vadodara / Vadodara Airport,Vadodara,Gujarat,22.3333,73.2667,44.7,19.0,1015.92,63.8,NOAA/NWS ASOS via IEM Archive (provided source file),0,NORMAL,,,,,,10,6,1,6,Winter,1,2.0,0.0,-4.0,AWS_VAAH,105.10134325016924,2.0,-1.009999999999991,4.5,100.0,0,0.02,0
2025-01-06 10:30:00,AWS_VABO,Vadodara / Vadodara Airport,Vadodara,Gujarat,22.3333,73.2667,44.7,20.0,1015.92,60.0,NOAA/NWS ASOS via IEM Archive (provided source file),0,NORMAL,,,,,,10,6,1,6,Winter,1,1.0,0.0,-3.799999999999997,AWS_VAAH,105.10134325016924,1.0,-1.009999999999991,11.200000000000005,100.0,0,0.02,0
2025-01-06 11:00:00,AWS_VABO,Vadodara / Vadodara Airport,Vadodara,Gujarat,22.3333,73.2667,44.7,22.0,1015.92,53.0,NOAA/NWS ASOS via IEM Archive (provided source file),0,NORMAL,,,,,,11,6,1,6,Winter,1,2.0,0.0,-7.0,AWS_VAAH,105.10134325016924,2.0,-1.009999999999991,3.899999999999999,100.0,0,0.02,0
2025-01-06 11:30:00,AWS_VABO,Vadodara / Vadodara Airport,Vadodara,Gujarat,22.3333,73.2667,44.7,23.0,1015.92,49.9,NOAA/NWS ASOS via IEM Archive (provided source file),0,NORMAL,,,,,,11,6,1,6,Winter,1,1.0,0.0,-3.1000000000000014,AWS_VAAH,105.10134325016924,2.0,0.0,3.699999999999996,100.0,0,0.02,0
2025-01-06 12:00:00,AWS_VABO,Vadodara / Vadodara Airport,Vadodara,Gujarat,22.3333,73.2667,44.7,24.0,1014.9,47.0,NOAA/NWS ASOS via IEM Archive (provided source file),0,NORMAL,,,,,,12,6,1,6,Winter,1,1.0,-1.0199999999999818,-2.8999999999999986,AWS_VAAH,105.10134325016924,1.0,-1.0199999999999818,6.200000000000003,100.0,0,0.02,0
2025-01-06 12:30:00,AWS_VABO,Vadodara / Vadodara Airport,Vadodara,Gujarat,22.3333,73.2667,44.7,25.0,1014.9,44.2,NOAA/NWS ASOS via IEM Archive (provided source file),0,NORMAL,,,,,,12,6,1,6,Winter,1,1.0,0.0,-2.799999999999997,AWS_VAAH,105.10134325016924,2.0,0.0,6.0,100.0,0,0.02,0
2025-01-06 13:00:00,AWS_VABO,Vadodara / Vadodara Airport,Vadodara,Gujarat,22.3333,73.2667,44.7,26.0,1013.88,41.7,NOAA/NWS ASOS via IEM Archive (provided source file),0,NORMAL,,,,,,13,6,1,6,Winter,1,1.0,-1.0199999999999818,-2.5,AWS_VAAH,105.10134325016924,2.0,-1.0199999999999818,5.800000000000004,100.0,0,0.02,0
2025-01-06 13:30:00,AWS_VABO,Vadodara / Vadodara Airport,Vadodara,Gujarat,22.3333,73.2667,44.7,26.0,1013.88,39.0,NOAA/NWS ASOS via IEM Archive (provided source file),0,NORMAL,,,,,,13,6,1,6,Winter,1,0.0,0.0,-2.700000000000003,AWS_VAAH,105.10134325016924,2.0,0.0,5.399999999999999,100.0,0,0.02,0
2025-01-06 14:00:00,AWS_VABO,Vadodara / Vadodara Airport,Vadodara,Gujarat,22.3333,73.2667,44.7,26.0,1012.87,36.5,NOAA/NWS ASOS via IEM Archive (provided source file),0,NORMAL,,,,,,14,6,1,6,Winter,1,0.0,-1.009999999999991,-2.5,AWS_VAAH,105.10134325016924,2.0,-1.009999999999991,2.8999999999999986,100.0,0,0.02,0
2025-01-06 14:30:00,AWS_VABO,Vadodara / Vadodara Airport,Vadodara,Gujarat,22.3333,73.2667,44.7,27.0,1012.87,34.4,NOAA/NWS ASOS via IEM Archive (provided source file),0,NORMAL,,,,,,14,6,1,6,Winter,1,1.0,0.0,-2.1000000000000014,AWS_VAAH,105.10134325016924,2.0,-1.009999999999991,0.6000000000000014,100.0,0,0.02,0
2025-01-06 15:00:00,AWS_VABO,Vadodara / Vadodara Airport,Vadodara,Gujarat,22.3333,73.2667,44.7,27.0,1011.85,32.2,NOAA/NWS ASOS via IEM Archive (provided source file),0,NORMAL,,,,,,15,6,1,6,Winter,1,0.0,-1.0199999999999818,-2.199999999999996,AWS_VAAH,105.10134325016924,2.0,-1.0199999999999818,-1.5999999999999943,100.0,0,0.02,0
2025-01-06 15:30:00,AWS_VABO,Vadodara / Vadodara Airport,Vadodara,Gujarat,22.3333,73.2667,44.7,27.0,1011.85,30.1,NOAA/NWS ASOS via IEM Archive (provided source file),0,NORMAL,,,,,,15,6,1,6,Winter,1,0.0,0.0,-2.1000000000000014,AWS_VAAH,105.10134325016924,2.0,-1.0199999999999818,0.6000000000000014,100.0,0,0.02,0
2025-01-06 16:00:00,AWS_VABO,Vadodara / Vadodara Airport,Vadodara,Gujarat,22.3333,73.2667,44.7,27.0,1011.85,30.1,NOAA/NWS ASOS via IEM Archive (provided source file),0,NORMAL,,,,,,16,6,1,6,Winter,1,0.0,0.0,0.0,AWS_VAAH,105.10134325016924,2.0,-1.0199999999999818,0.6000000000000014,100.0,0,0.02,0
2025-01-06 16:30:00,AWS_VABO,Vadodara / Vadodara Airport,Vadodara,Gujarat,22.3333,73.2667,44.7,26.0,1011.85,34.1,NOAA/NWS ASOS via IEM Archive (provided source file),0,NORMAL,,,,,,16,6,1,6,Winter,1,-1.0,0.0,4.0,AWS_VAAH,105.10134325016924,1.0,-1.0199999999999818,4.600000000000001,100.0,0,0.02,0
2025-01-06 17:00:00,AWS_VABO,Vadodara / Vadodara Airport,Vadodara,Gujarat,22.3333,73.2667,44.7,26.0,1011.85,34.1,NOAA/NWS ASOS via IEM Archive (provided source file),0,NORMAL,,,,,,17,6,1,6,Winter,1,0.0,0.0,0.0,AWS_VAAH,105.10134325016924,,,,100.0,0,0.02,0
2025-01-06 17:30:00,AWS_VABO,Vadodara / Vadodara Airport,Vadodara,Gujarat,22.3333,73.2667,44.7,26.0,1012.87,39.0,NOAA/NWS ASOS via IEM Archive (provided source file),0,NORMAL,,,,,,17,6,1,6,Winter,1,0.0,1.0199999999999818,4.899999999999999,AWS_VAAH,105.10134325016924,1.0,0.0,11.5,100.0,0,0.02,0
2025-01-06 18:00:00,AWS_VABO,Vadodara / Vadodara Airport,Vadodara,Gujarat,22.3333,73.2667,44.7,23.0,1012.87,40.8,NOAA/NWS ASOS via IEM Archive (provided source file),0,NORMAL,,,,,,18,6,1,6,Winter,0,-3.0,0.0,1.7999999999999972,AWS_VAAH,105.10134325016924,0.0,0.0,7.5,100.0,0,0.02,0
2025-01-06 18:30:00,AWS_VABO,Vadodara / Vadodara Airport,Vadodara,Gujarat,22.3333,73.2667,44.7,22.0,1012.87,43.4,NOAA/NWS ASOS via IEM Archive (provided source file),0,NORMAL,,,,,,18,6,1,6,Winter,0,-1.0,0.0,2.6000000000000014,AWS_VAAH,105.10134325016924,-1.0,-1.009999999999991,7.699999999999996,100.0,0,0.02,0
2025-01-06 19:00:00,AWS_VABO,Vadodara / Vadodara Airport,Vadodara,Gujarat,22.3333,73.2667,44.7,21.0,1012.87,46.2,NOAA/NWS ASOS via IEM Archive (provided source file),0,NORMAL,,,,,,19,6,1,6,Winter,0,-1.0,0.0,2.8000000000000043,AWS_VAAH,105.10134325016924,-1.0,-1.009999999999991,5.600000000000001,100.0,0,0.02,0
2025-01-06 19:30:00,AWS_VABO,Vadodara / Vadodara Airport,Vadodara,Gujarat,22.3333,73.2667,44.7,20.0,1013.88,52.5,NOAA/NWS ASOS via IEM Archive (provided source file),0,NORMAL,,,,,,19,6,1,6,Winter,0,-1.0,1.009999999999991,6.299999999999997,AWS_VAAH,105.10134325016924,-2.0,0.0,11.9,100.0,0,0.02,0
2025-01-06 20:00:00,AWS_VABO,Vadodara / Vadodara Airport,Vadodara,Gujarat,22.3333,73.2667,44.7,19.0,1013.88,55.9,NOAA/NWS ASOS via IEM Archive (provided source file),0,NORMAL,,,,,,20,6,1,6,Winter,0,-1.0,0.0,3.3999999999999986,AWS_VAAH,105.10134325016924,-3.0,-1.0199999999999818,15.299999999999995,100.0,0,0.02,0
2025-01-06 20:30:00,AWS_VABO,Vadodara / Vadodara Airport,Vadodara,Gujarat,22.3333,73.2667,44.7,20.0,1013.88,52.5,NOAA/NWS ASOS via IEM Archive (provided source file),0,NORMAL,,,,,,20,6,1,6,Winter,0,1.0,0.0,-3.3999999999999986,AWS_VAAH,105.10134325016924,-1.0,-1.0199999999999818,12.200000000000005,100.0,0,0.02,0
2025-01-06 21:00:00,AWS_VABO,Vadodara / Vadodara Airport,Vadodara,Gujarat,22.3333,73.2667,44.7,18.0,1014.9,59.5,NOAA/NWS ASOS via IEM Archive (provided source file),0,NORMAL,,,,,,21,6,1,6,Winter,0,-2.0,1.0199999999999818,7.0,AWS_VAAH,105.10134325016924,-3.0,0.0,21.9,100.0,0,0.02,0
2025-01-06 21:30:00,AWS_VABO,Vadodara / Vadodara Airport,Vadodara,Gujarat,22.3333,73.2667,44.7,17.0,1014.9,63.4,NOAA/NWS ASOS via IEM Archive (provided source file),0,NORMAL,,,,,,21,6,1,6,Winter,0,-1.0,0.0,3.899999999999999,AWS_VAAH,105.10134325016924,-3.0,-1.0199999999999818,23.4,100.0,0,0.02,0
2025-01-06 22:00:00,AWS_VABO,Vadodara / Vadodara Airport,Vadodara,Gujarat,22.3333,73.2667,44.7,17.0,1014.9,63.4,NOAA/NWS ASOS via IEM Archive (provided source file),0,NORMAL,,,,,,22,6,1,6,Winter,0,0.0,0.0,0.0,AWS_VAAH,105.10134325016924,-2.0,-1.0199999999999818,20.8,100.0,0,0.02,0
2025-01-06 22:30:00,AWS_VABO,Vadodara / Vadodara Airport,Vadodara,Gujarat,22.3333,73.2667,44.7,17.0,1014.9,63.4,NOAA/NWS ASOS via IEM Archive (provided source file),0,NORMAL,,,,,,22,6,1,6,Winter,0,0.0,0.0,0.0,AWS_VAAH,105.10134325016924,-1.0,-1.0199999999999818,14.799999999999995,100.0,0,0.02,0
2025-01-06 03:00:00,AWS_VECC,Kolkata / Netaji Subhash Chandra Bose Intl,Kolkata,West Bengal,22.6547,88.4467,6.0,15.0,1012.87,93.7,NOAA/NWS ASOS via IEM Archive (provided source file),0,NORMAL,,,,,,3,6,1,6,Winter,0,0.0,0.0,0.0,AWS_VIDP,1311.5126317276297,4.0,-2.0299999999999727,-6.299999999999997,100.0,0,0.02,0
2025-01-06 03:30:00,AWS_VECC,Kolkata / Netaji Subhash Chandra Bose Intl,Kolkata,West Bengal,22.6547,88.4467,6.0,14.0,1012.87,93.7,NOAA/NWS ASOS via IEM Archive (provided source file),0,NORMAL,,,,,,3,6,1,6,Winter,0,-1.0,0.0,0.0,AWS_VIDP,1311.5126317276297,3.0,-2.0299999999999727,-6.299999999999997,100.0,0,0.02,0
2025-01-06 04:00:00,AWS_VECC,Kolkata / Netaji Subhash Chandra Bose Intl,Kolkata,West Bengal,22.6547,88.4467,6.0,14.0,1012.87,100.0,NOAA/NWS ASOS via IEM Archive (provided source file),0,NORMAL,,,,,,4,6,1,6,Winter,0,0.0,0.0,6.299999999999997,AWS_VIDP,1311.5126317276297,3.0,-2.0299999999999727,0.0,100.0,0,0.02,0
2025-01-06 04:30:00,AWS_VECC,Kolkata / Netaji Subhash Chandra Bose Intl,Kolkata,West Bengal,22.6547,88.4467,6.0,14.0,1012.87,100.0,NOAA/NWS ASOS via IEM Archive (provided source file),0,NORMAL,,,,,,4,6,1,6,Winter,0,0.0,0.0,0.0,AWS_VIDP,1311.5126317276297,3.0,-2.0299999999999727,0.0,100.0,0,0.02,0
2025-01-06 05:00:00,AWS_VECC,Kolkata / Netaji Subhash Chandra Bose Intl,Kolkata,West Bengal,22.6547,88.4467,6.0,14.0,1012.87,100.0,NOAA/NWS ASOS via IEM Archive (provided source file),0,NORMAL,,,,,,5,6,1,6,Winter,0,0.0,0.0,0.0,AWS_VIDP,1311.5126317276297,3.0,-2.0299999999999727,6.400000000000006,100.0,0,0.02,0
2025-01-06 05:30:00,AWS_VECC,Kolkata / Netaji Subhash Chandra Bose Intl,Kolkata,West Bengal,22.6547,88.4467,6.0,14.0,1012.87,100.0,NOAA/NWS ASOS via IEM Archive (provided source file),0,NORMAL,,,,,,5,6,1,6,Winter,0,0.0,0.0,0.0,AWS_VIDP,1311.5126317276297,3.0,-2.0299999999999727,6.400000000000006,100.0,0,0.02,0
2025-01-06 06:00:00,AWS_VECC,Kolkata / Netaji Subhash Chandra Bose Intl,Kolkata,West Bengal,22.6547,88.4467,6.0,14.0,1012.87,100.0,NOAA/NWS ASOS via IEM Archive (provided source file),0,NORMAL,,,,,,6,6,1,6,Winter,1,0.0,0.0,0.0,AWS_VIDP,1311.5126317276297,3.0,-3.0499999999999545,6.400000000000006,100.0,0,0.02,0
2025-01-06 06:30:00,AWS_VECC,Kolkata / Netaji Subhash Chandra Bose Intl,Kolkata,West Bengal,22.6547,88.4467,6.0,14.0,1013.88,100.0,NOAA/NWS ASOS via IEM Archive (provided source file),0,NORMAL,,,,,,6,6,1,6,Winter,1,0.0,1.009999999999991,0.0,AWS_VIDP,1311.5126317276297,3.0,-3.0499999999999545,6.400000000000006,100.0,0,0.02,0
2025-01-06 07:00:00,AWS_VECC,Kolkata / Netaji Subhash Chandra Bose Intl,Kolkata,West Bengal,22.6547,88.4467,6.0,14.0,1014.9,100.0,NOAA/NWS ASOS via IEM Archive (provided source file),0,NORMAL,,,,,,7,6,1,6,Winter,1,0.0,1.0199999999999818,0.0,AWS_VIDP,1311.5126317276297,3.0,-2.0299999999999727,6.400000000000006,100.0,0,0.02,0
2025-01-06 07:30:00,AWS_VECC,Kolkata / Netaji Subhash Chandra Bose Intl,Kolkata,West Bengal,22.6547,88.4467,6.0,14.0,1014.9,100.0,NOAA/NWS ASOS via IEM Archive (provided source file),0,NORMAL,,,,,,7,6,1,6,Winter,1,0.0,0.0,0.0,AWS_VIDP,1311.5126317276297,2.0,-2.0299999999999727,6.400000000000006,100.0,0,0.02,0
2025-01-06 08:00:00,AWS_VECC,Kolkata / Netaji Subhash Chandra Bose Intl,Kolkata,West Bengal,22.6547,88.4467,6.0,14.0,1014.9,100.0,NOAA/NWS ASOS via IEM Archive (provided source file),0,NORMAL,,,,,,8,6,1,6,Winter,1,0.0,0.0,0.0,AWS_VIDP,1311.5126317276297,2.0,-2.0299999999999727,12.400000000000006,100.0,0,0.02,0
2025-01-06 08:30:00,AWS_VECC,Kolkata / Netaji Subhash Chandra Bose Intl,Kolkata,West Bengal,22.6547,88.4467,6.0,15.0,1015.92,100.0,NOAA/NWS ASOS via IEM Archive (provided source file),0,NORMAL,,,,,,8,6,1,6,Winter,1,1.0,1.0199999999999818,0.0,AWS_VIDP,1311.5126317276297,3.0,-2.0300000000000864,12.400000000000006,100.0,0,0.02,0
2025-01-06 09:00:00,AWS_VECC,Kolkata / Netaji Subhash Chandra Bose Intl,Kolkata,West Bengal,22.6547,88.4467,6.0,16.0,1015.92,100.0,NOAA/NWS ASOS via IEM Archive (provided source file),0,NORMAL,,,,,,9,6,1,6,Winter,1,1.0,0.0,0.0,AWS_VIDP,1311.5126317276297,4.0,-2.0300000000000864,12.400000000000006,100.0,0,0.02,0
2025-01-06 09:30:00,AWS_VECC,Kolkata / Netaji Subhash Chandra Bose Intl,Kolkata,West Bengal,22.6547,88.4467,6.0,18.0,1015.92,93.9,NOAA/NWS ASOS via IEM Archive (provided source file),0,NORMAL,,,,,,9,6,1,6,Winter,1,2.0,0.0,-6.099999999999994,AWS_VIDP,1311.5126317276297,6.0,-3.0400000000000773,6.300000000000011,100.0,0,0.02,0
2025-01-06 10:00:00,AWS_VECC,Kolkata / Netaji Subhash Chandra Bose Intl,Kolkata,West Bengal,22.6547,88.4467,6.0,20.0,1015.92,77.8,NOAA/NWS ASOS via IEM Archive (provided source file),0,NORMAL,,,,,,10,6,1,6,Winter,1,2.0,0.0,-16.10000000000001,AWS_VIDP,1311.5126317276297,7.0,-3.0400000000000773,-4.200000000000003,100.0,0,0.02,0
2025-01-06 10:30:00,AWS_VECC,Kolkata / Netaji Subhash Chandra Bose Intl,Kolkata,West Bengal,22.6547,88.4467,6.0,22.0,1014.9,73.3,NOAA/NWS ASOS via IEM Archive (provided source file),0,NORMAL,,,,,,10,6,1,6,Winter,1,2.0,-1.0199999999999818,-4.5,AWS_VIDP,1311.5126317276297,9.0,-4.060000000000059,-8.700000000000003,100.0,0,0.02,0
2025-01-06 11:00:00,AWS_VECC,Kolkata / Netaji Subhash Chandra Bose Intl,Kolkata,West Bengal,22.6547,88.4467,6.0,23.0,1014.9,60.7,NOAA/NWS ASOS via IEM Archive (provided source file),0,NORMAL,,,,,,11,6,1,6,Winter,1,1.0,0.0,-12.599999999999994,AWS_VIDP,1311.5126317276297,10.0,-4.060000000000059,-21.3,100.0,0,0.02,0
2025-01-06 11:30:00,AWS_VECC,Kolkata / Netaji Subhash Chandra Bose Intl,Kolkata,West Bengal,22.6547,88.4467,6.0,23.0,1013.88,60.7,NOAA/NWS ASOS via IEM Archive (provided source file),0,NORMAL,,,,,,11,6,1,6,Winter,1,0.0,-1.0199999999999818,0.0,AWS_VIDP,1311.5126317276297,10.0,-5.080000000000041,-21.3,100.0,0,0.02,0
2025-01-06 12:00:00,AWS_VECC,Kolkata / Netaji Subhash Chandra Bose Intl,Kolkata,West Bengal,22.6547,88.4467,6.0,24.0,1012.87,57.1,NOAA/NWS ASOS via IEM Archive (provided source file),0,NORMAL,,,,,,12,6,1,6,Winter,1,1.0,-1.009999999999991,-3.6000000000000014,AWS_VIDP,1311.5126317276297,11.0,-6.090000000000032,-30.499999999999996,100.0,0,0.02,0
2025-01-06 12:30:00,AWS_VECC,Kolkata / Netaji Subhash Chandra Bose Intl,Kolkata,West Bengal,22.6547,88.4467,6.0,24.0,1012.87,53.6,NOAA/NWS ASOS via IEM Archive (provided source file),0,NORMAL,,,,,,12,6,1,6,Winter,1,0.0,0.0,-3.5,AWS_VIDP,1311.5126317276297,10.0,-5.080000000000041,-28.499999999999996,100.0,0,0.02,0
2025-01-06 13:00:00,AWS_VECC,Kolkata / Netaji Subhash Chandra Bose Intl,Kolkata,West Bengal,22.6547,88.4467,6.0,25.0,1011.85,50.4,NOAA/NWS ASOS via IEM Archive (provided source file),0,NORMAL,,,,,,13,6,1,6,Winter,1,1.0,-1.0199999999999818,-3.200000000000003,AWS_VIDP,1311.5126317276297,11.0,-6.100000000000023,-26.4,100.0,0,0.02,0
2025-01-06 13:30:00,AWS_VECC,Kolkata / Netaji Subhash Chandra Bose Intl,Kolkata,West Bengal,22.6547,88.4467,6.0,25.0,1011.85,50.4,NOAA/NWS ASOS via IEM Archive (provided source file),0,NORMAL,,,,,,13,6,1,6,Winter,1,0.0,0.0,0.0,AWS_VIDP,1311.5126317276297,10.0,-5.079999999999927,-21.6,100.0,0,0.02,0
2025-01-06 14:00:00,AWS_VECC,Kolkata / Netaji Subhash Chandra Bose Intl,Kolkata,West Bengal,22.6547,88.4467,6.0,25.0,1010.84,50.4,NOAA/NWS ASOS via IEM Archive (provided source file),0,NORMAL,,,,,,14,6,1,6,Winter,1,0.0,-1.009999999999991,0.0,AWS_VIDP,1311.5126317276297,11.0,-6.089999999999918,-26.4,100.0,0,0.02,0
2025-01-06 14:30:00,AWS_VECC,Kolkata / Netaji Subhash Chandra Bose Intl,Kolkata,West Bengal,22.6547,88.4467,6.0,25.0,1010.84,47.2,NOAA/NWS ASOS via IEM Archive (provided source file),0,NORMAL,,,,,,14,6,1,6,Winter,1,0.0,0.0,-3.199999999999996,AWS_VIDP,1311.5126317276297,11.0,-6.089999999999918,-34.89999999999999,100.0,0,0.02,0
2025-01-06 15:00:00,AWS_VECC,Kolkata / Netaji Subhash Chandra Bose Intl,Kolkata,West Bengal,22.6547,88.4467,6.0,25.0,1010.84,44.2,NOAA/NWS ASOS via IEM Archive (provided source file),0,NORMAL,,,,,,15,6,1,6,Winter,1,0.0,0.0,-3.0,AWS_VIDP,1311.5126317276297,11.0,-6.089999999999918,-37.89999999999999,100.0,0,0.02,0
2025-01-06 15:30:00,AWS_VECC,Kolkata / Netaji Subhash Chandra Bose Intl,Kolkata,West Bengal,22.6547,88.4467,6.0,25.0,1010.84,44.2,NOAA/NWS ASOS via IEM Archive (provided source file),0,NORMAL,,,,,,15,6,1,6,Winter,1,0.0,0.0,0.0,AWS_VIDP,1311.5126317276297,11.0,-6.089999999999918,-37.89999999999999,100.0,0,0.02,0
2025-01-06 16:00:00,AWS_VECC,Kolkata / Netaji Subhash Chandra Bose Intl,Kolkata,West Bengal,22.6547,88.4467,6.0,25.0,1010.84,41.4,NOAA/NWS ASOS via IEM Archive (provided source file),0,NORMAL,,,,,,16,6,1,6,Winter,1,0.0,0.0,-2.8000000000000043,AWS_VIDP,1311.5126317276297,11.0,-6.089999999999918,-46.3,100.0,0,0.02,0
2025-01-06 16:30:00,AWS_VECC,Kolkata / Netaji Subhash Chandra Bose Intl,Kolkata,West Bengal,22.6547,88.4467,6.0,25.0,1011.85,41.4,NOAA/NWS ASOS via IEM Archive (provided source file),0,NORMAL,,,,,,16,6,1,6,Winter,1,0.0,1.009999999999991,0.0,AWS_VIDP,1311.5126317276297,11.0,-5.079999999999927,-46.3,100.0,0,0.02,0
2025-01-06 17:00:00,AWS_VECC,Kolkata / Netaji Subhash Chandra Bose Intl,Kolkata,West Bengal,22.6547,88.4467,6.0,24.0,1011.85,47.0,NOAA/NWS ASOS via IEM Archive (provided source file),0,NORMAL,,,,,,17,6,1,6,Winter,1,-1.0,0.0,5.600000000000001,AWS_VIDP,1311.5126317276297,11.0,-4.069999999999936,-40.6,100.0,0,0.02,0
2025-01-06 17:30:00,AWS_VECC,Kolkata / Netaji Subhash Chandra Bose Intl,Kolkata,West Bengal,22.6547,88.4467,6.0,24.0,1011.85,50.2,NOAA/NWS ASOS via IEM Archive (provided source file),0,NORMAL,,,,,,17,6,1,6,Winter,1,0.0,0.0,3.200000000000003,AWS_VIDP,1311.5126317276297,11.0,-4.069999999999936,-37.39999999999999,100.0,0,0.02,0
2025-01-06 18:00:00,AWS_VECC,Kolkata / Netaji Subhash Chandra Bose Intl,Kolkata,West Bengal,22.6547,88.4467,6.0,23.0,1011.85,53.3,NOAA/NWS ASOS via IEM Archive (provided source file),0,NORMAL,,,,,,18,6,1,6,Winter,0,-1.0,0.0,3.0999999999999943,AWS_VIDP,1311.5126317276297,10.0,-5.079999999999927,-34.3,100.0,0,0.02,0
2025-01-06 18:30:00,AWS_VECC,Kolkata / Netaji Subhash Chandra Bose Intl,Kolkata,West Bengal,22.6547,88.4467,6.0,23.0,1011.85,56.9,NOAA/NWS ASOS via IEM Archive (provided source file),0,NORMAL,,,,,,18,6,1,6,Winter,0,0.0,0.0,3.6000000000000014,AWS_VIDP,1311.5126317276297,10.0,-5.079999999999927,-30.7,100.0,0,0.02,0
2025-01-06 19:00:00,AWS_VECC,Kolkata / Netaji Subhash Chandra Bose Intl,Kolkata,West Bengal,22.6547,88.4467,6.0,21.0,1012.87,64.3,NOAA/NWS ASOS via IEM Archive (provided source file),0,NORMAL,,,,,,19,6,1,6,Winter,0,-2.0,1.0199999999999818,7.399999999999999,AWS_VIDP,1311.5126317276297,8.0,-4.059999999999945,-29.3,100.0,0,0.02,0
2025-01-06 19:30:00,AWS_VECC,Kolkata / Netaji Subhash Chandra Bose Intl,Kolkata,West Bengal,22.6547,88.4467,6.0,20.0,1012.87,68.4,NOAA/NWS ASOS via IEM Archive (provided source file),0,NORMAL,,,,,,19,6,1,6,Winter,0,-1.0,0.0,4.1000000000000085,AWS_VIDP,1311.5126317276297,7.0,-4.059999999999945,-25.19999999999999,100.0,0,0.02,0
2025-01-06 20:00:00,AWS_VECC,Kolkata / Netaji Subhash Chandra Bose Intl,Kolkata,West Bengal,22.6547,88.4467,6.0,20.0,1012.87,68.4,NOAA/NWS ASOS via IEM Archive (provided source file),0,NORMAL,,,,,,20,6,1,6,Winter,0,0.0,0.0,0.0,AWS_VIDP,1311.5126317276297,7.0,-5.080000000000041,-25.19999999999999,100.0,0,0.02,0
2025-01-06 20:30:00,AWS_VECC,Kolkata / Netaji Subhash Chandra Bose Intl,Kolkata,West Bengal,22.6547,88.4467,6.0,20.0,1012.87,68.4,NOAA/NWS ASOS via IEM Archive (provided source file),0,NORMAL,,,,,,20,6,1,6,Winter,0,0.0,0.0,0.0,AWS_VIDP,1311.5126317276297,7.0,-5.080000000000041,-25.19999999999999,100.0,0,0.02,0
2025-01-06 21:00:00,AWS_VECC,Kolkata / Netaji Subhash Chandra Bose Intl,Kolkata,West Bengal,22.6547,88.4467,6.0,20.0,1012.87,68.4,NOAA/NWS ASOS via IEM Archive (provided source file),0,NORMAL,,,,,,21,6,1,6,Winter,0,0.0,0.0,0.0,AWS_VIDP,1311.5126317276297,7.0,-5.080000000000041,-25.19999999999999,100.0,0,0.02,0
2025-01-06 21:30:00,AWS_VECC,Kolkata / Netaji Subhash Chandra Bose Intl,Kolkata,West Bengal,22.6547,88.4467,6.0,19.0,1012.87,72.7,NOAA/NWS ASOS via IEM Archive (provided source file),0,NORMAL,,,,,,21,6,1,6,Winter,0,-1.0,0.0,4.299999999999997,AWS_VIDP,1311.5126317276297,7.0,-5.080000000000041,-27.3,100.0,0,0.02,0
2025-01-06 22:00:00,AWS_VECC,Kolkata / Netaji Subhash Chandra Bose Intl,Kolkata,West Bengal,22.6547,88.4467,6.0,19.0,1012.87,72.7,NOAA/NWS ASOS via IEM Archive (provided source file),0,NORMAL,,,,,,22,6,1,6,Winter,0,0.0,0.0,0.0,AWS_VIDP,1311.5126317276297,7.0,-5.080000000000041,-27.3,100.0,0,0.02,0
2025-01-06 22:30:00,AWS_VECC,Kolkata / Netaji Subhash Chandra Bose Intl,Kolkata,West Bengal,22.6547,88.4467,6.0,19.0,1012.87,72.7,NOAA/NWS ASOS via IEM Archive (provided source file),0,NORMAL,,,,,,22,6,1,6,Winter,0,0.0,0.0,0.0,AWS_VIDP,1311.5126317276297,7.0,-5.080000000000041,-27.3,100.0,0,0.02,0
2025-01-06 23:00:00,AWS_VECC,Kolkata / Netaji Subhash Chandra Bose Intl,Kolkata,West Bengal,22.6547,88.4467,6.0,19.0,1012.87,72.7,NOAA/NWS ASOS via IEM Archive (provided source file),0,NORMAL,,,,,,23,6,1,6,Winter,0,0.0,0.0,0.0,AWS_VIDP,1311.5126317276297,7.0,-5.080000000000041,-27.3,100.0,0,0.02,0
2025-01-06 23:30:00,AWS_VECC,Kolkata / Netaji Subhash Chandra Bose Intl,Kolkata,West Bengal,22.6547,88.4467,6.0,18.0,1012.87,72.6,NOAA/NWS ASOS via IEM Archive (provided source file),0,NORMAL,,,,,,23,6,1,6,Winter,0,-1.0,0.0,-0.1000000000000085,AWS_VIDP,1311.5126317276297,6.0,-5.080000000000041,-27.40000000000001,100.0,0,0.02,0
2025-01-06 03:00:00,AWS_VIDP,New Delhi / Indira Gandhi Intl,Delhi,Delhi,28.5667,77.1167,233.0,11.0,1014.9,100.0,NOAA/NWS ASOS via IEM Archive (provided source file),0,NORMAL,,,,,,3,6,1,6,Winter,0,0.0,0.0,0.0,AWS_VAAH,757.3475677791808,-5.0,2.0299999999999727,44.9,100.0,0,0.02,0
2025-01-06 03:30:00,AWS_VIDP,New Delhi / Indira Gandhi Intl,Delhi,Delhi,28.5667,77.1167,233.0,11.0,1014.9,100.0,NOAA/NWS ASOS via IEM Archive (provided source file),0,NORMAL,,,,,,3,6,1,6,Winter,0,0.0,0.0,0.0,AWS_VAAH,757.3475677791808,-5.0,2.0299999999999727,44.9,100.0,0,0.02,0
2025-01-06 04:00:00,AWS_VIDP,New Delhi / Indira Gandhi Intl,Delhi,Delhi,28.5667,77.1167,233.0,11.0,1014.9,100.0,NOAA/NWS ASOS via IEM Archive (provided source file),0,NORMAL,,,,,,4,6,1,6,Winter,0,0.0,0.0,0.0,AWS_VAAH,757.3475677791808,-4.0,2.0299999999999727,41.2,100.0,0,0.02,0
2025-01-06 04:30:00,AWS_VIDP,New Delhi / Indira Gandhi Intl,Delhi,Delhi,28.5667,77.1167,233.0,11.0,1014.9,100.0,NOAA/NWS ASOS via IEM Archive (provided source file),0,NORMAL,,,,,,4,6,1,6,Winter,0,0.0,0.0,0.0,AWS_VAAH,757.3475677791808,-4.0,2.0299999999999727,41.2,100.0,0,0.02,0
2025-01-06 05:00:00,AWS_VIDP,New Delhi / Indira Gandhi Intl,Delhi,Delhi,28.5667,77.1167,233.0,11.0,1014.9,93.6,NOAA/NWS ASOS via IEM Archive (provided source file),0,NORMAL,,,,,,5,6,1,6,Winter,0,0.0,0.0,-6.400000000000006,AWS_VAAH,757.3475677791808,-3.0,2.0299999999999727,30.89999999999999,100.0,0,0.02,0
2025-01-06 05:30:00,AWS_VIDP,New Delhi / Indira Gandhi Intl,Delhi,Delhi,28.5667,77.1167,233.0,11.0,1014.9,93.6,NOAA/NWS ASOS via IEM Archive (provided source file),0,NORMAL,,,,,,5,6,1,6,Winter,0,0.0,0.0,0.0,AWS_VAAH,757.3475677791808,-3.0,2.0299999999999727,30.89999999999999,100.0,0,0.02,0
2025-01-06 06:00:00,AWS_VIDP,New Delhi / Indira Gandhi Intl,Delhi,Delhi,28.5667,77.1167,233.0,11.0,1015.92,93.6,NOAA/NWS ASOS via IEM Archive (provided source file),0,NORMAL,,,,,,6,6,1,6,Winter,1,0.0,1.0199999999999818,0.0,AWS_VAAH,757.3475677791808,-2.0,2.039999999999964,22.0,100.0,0,0.02,0
2025-01-06 06:30:00,AWS_VIDP,New Delhi / Indira Gandhi Intl,Delhi,Delhi,28.5667,77.1167,233.0,11.0,1016.93,93.6,NOAA/NWS ASOS via IEM Archive (provided source file),0,NORMAL,,,,,,6,6,1,6,Winter,1,0.0,1.009999999999991,0.0,AWS_VAAH,757.3475677791808,-2.0,3.0499999999999545,22.0,100.0,0,0.02,0
2025-01-06 07:00:00,AWS_VIDP,New Delhi / Indira Gandhi Intl,Delhi,Delhi,28.5667,77.1167,233.0,11.0,1016.93,93.6,NOAA/NWS ASOS via IEM Archive (provided source file),0,NORMAL,,,,,,7,6,1,6,Winter,1,0.0,0.0,0.0,AWS_VAAH,757.3475677791808,-2.0,3.0499999999999545,22.0,100.0,0,0.02,0
2025-01-06 07:30:00,AWS_VIDP,New Delhi / Indira Gandhi Intl,Delhi,Delhi,28.5667,77.1167,233.0,12.0,1016.93,93.6,NOAA/NWS ASOS via IEM Archive (provided source file),0,NORMAL,,,,,,7,6,1,6,Winter,1,1.0,0.0,0.0,AWS_VAAH,757.3475677791808,-1.0,2.0299999999999727,22.0,100.0,0,0.02,0
2025-01-06 08:00:00,AWS_VIDP,New Delhi / Indira Gandhi Intl,Delhi,Delhi,28.5667,77.1167,233.0,12.0,1016.93,87.6,NOAA/NWS ASOS via IEM Archive (provided source file),0,NORMAL,,,,,,8,6,1,6,Winter,1,0.0,0.0,-6.0,AWS_VAAH,757.3475677791808,-1.0,2.0299999999999727,16.0,100.0,0,0.02,0
2025-01-06 08:30:00,AWS_VIDP,New Delhi / Indira Gandhi Intl,Delhi,Delhi,28.5667,77.1167,233.0,12.0,1017.95,87.6,NOAA/NWS ASOS via IEM Archive (provided source file),0,NORMAL,,,,,,8,6,1,6,Winter,1,0.0,1.0200000000000955,0.0,AWS_VAAH,757.3475677791808,-1.0,2.0300000000000864,16.0,100.0,0,0.02,0
2025-01-06 09:00:00,AWS_VIDP,New Delhi / Indira Gandhi Intl,Delhi,Delhi,28.5667,77.1167,233.0,12.0,1017.95,87.6,NOAA/NWS ASOS via IEM Archive (provided source file),0,NORMAL,,,,,,9,6,1,6,Winter,1,0.0,0.0,0.0,AWS_VAAH,757.3475677791808,-2.0,2.0300000000000864,15.799999999999995,100.0,0,0.02,0
2025-01-06 09:30:00,AWS_VIDP,New Delhi / Indira Gandhi Intl,Delhi,Delhi,28.5667,77.1167,233.0,12.0,1018.96,87.6,NOAA/NWS ASOS via IEM Archive (provided source file),0,NORMAL,,,,,,9,6,1,6,Winter,1,0.0,1.009999999999991,0.0,AWS_VAAH,757.3475677791808,-3.0,2.0300000000000864,20.3,100.0,0,0.02,0
2025-01-06 10:00:00,AWS_VIDP,New Delhi / Indira Gandhi Intl,Delhi,Delhi,28.5667,77.1167,233.0,13.0,1018.96,82.0,NOAA/NWS ASOS via IEM Archive (provided source file),0,NORMAL,,,,,,10,6,1,6,Winter,1,1.0,0.0,-5.599999999999994,AWS_VAAH,757.3475677791808,-4.0,2.0300000000000864,22.700000000000003,100.0,0,0.02,0
2025-01-06 10:30:00,AWS_VIDP,New Delhi / Indira Gandhi Intl,Delhi,Delhi,28.5667,77.1167,233.0,13.0,1018.96,82.0,NOAA/NWS ASOS via IEM Archive (provided source file),0,NORMAL,,,,,,10,6,1,6,Winter,1,0.0,0.0,0.0,AWS_VAAH,757.3475677791808,-6.0,2.0300000000000864,33.2,100.0,0,0.02,0
2025-01-06 11:00:00,AWS_VIDP,New Delhi / Indira Gandhi Intl,Delhi,Delhi,28.5667,77.1167,233.0,13.0,1018.96,82.0,NOAA/NWS ASOS via IEM Archive (provided source file),0,NORMAL,,,,,,11,6,1,6,Winter,1,0.0,0.0,0.0,AWS_VAAH,757.3475677791808,-7.0,2.0300000000000864,32.9,100.0,0,0.02,0
2025-01-06 11:30:00,AWS_VIDP,New Delhi / Indira Gandhi Intl,Delhi,Delhi,28.5667,77.1167,233.0,13.0,1018.96,82.0,NOAA/NWS ASOS via IEM Archive (provided source file),0,NORMAL,,,,,,11,6,1,6,Winter,1,0.0,0.0,0.0,AWS_VAAH,757.3475677791808,-8.0,3.0400000000000773,35.8,100.0,0,0.02,0
2025-01-06 12:00:00,AWS_VIDP,New Delhi / Indira Gandhi Intl,Delhi,Delhi,28.5667,77.1167,233.0,13.0,1018.96,87.6,NOAA/NWS ASOS via IEM Archive (provided source file),0,NORMAL,,,,,,12,6,1,6,Winter,1,0.0,0.0,5.599999999999994,AWS_VAAH,757.3475677791808,-10.0,3.0400000000000773,46.8,100.0,0,0.02,0
2025-01-06 12:30:00,AWS_VIDP,New Delhi / Indira Gandhi Intl,Delhi,Delhi,28.5667,77.1167,233.0,14.0,1017.95,82.1,NOAA/NWS ASOS via IEM Archive (provided source file),0,NORMAL,,,,,,12,6,1,6,Winter,1,1.0,-1.009999999999991,-5.5,AWS_VAAH,757.3475677791808,-9.0,3.050000000000068,43.89999999999999,100.0,0,0.02,0
2025-01-06 13:00:00,AWS_VIDP,New Delhi / Indira Gandhi Intl,Delhi,Delhi,28.5667,77.1167,233.0,14.0,1017.95,76.8,NOAA/NWS ASOS via IEM Archive (provided source file),0,NORMAL,,,,,,13,6,1,6,Winter,1,0.0,0.0,-5.299999999999997,AWS_VAAH,757.3475677791808,-10.0,3.050000000000068,40.9,100.0,0,0.02,0
2025-01-06 13:30:00,AWS_VIDP,New Delhi / Indira Gandhi Intl,Delhi,Delhi,28.5667,77.1167,233.0,15.0,1016.93,72.0,NOAA/NWS ASOS via IEM Archive (provided source file),0,NORMAL,,,,,,13,6,1,6,Winter,1,1.0,-1.0200000000000955,-4.799999999999997,AWS_VAAH,757.3475677791808,-9.0,3.0499999999999545,38.4,100.0,0,0.02,0
2025-01-06 14:00:00,AWS_VIDP,New Delhi / Indira Gandhi Intl,Delhi,Delhi,28.5667,77.1167,233.0,14.0,1016.93,76.8,NOAA/NWS ASOS via IEM Archive (provided source file),0,NORMAL,,,,,,14,6,1,6,Winter,1,-1.0,0.0,4.799999999999997,AWS_VAAH,757.3475677791808,-10.0,3.0499999999999545,43.2,100.0,0,0.02,0
2025-01-06 14:30:00,AWS_VIDP,New Delhi / Indira Gandhi Intl,Delhi,Delhi,28.5667,77.1167,233.0,14.0,1016.93,82.1,NOAA/NWS ASOS via IEM Archive (provided source file),0,NORMAL,,,,,,14,6,1,6,Winter,1,0.0,0.0,5.299999999999997,AWS_VAAH,757.3475677791808,-11.0,3.0499999999999545,48.3,100.0,0,0.02,0
2025-01-06 15:00:00,AWS_VIDP,New Delhi / Indira Gandhi Intl,Delhi,Delhi,28.5667,77.1167,233.0,14.0,1016.93,82.1,NOAA/NWS ASOS via IEM Archive (provided source file),0,NORMAL,,,,,,15,6,1,6,Winter,1,0.0,0.0,0.0,AWS_VAAH,757.3475677791808,-11.0,4.059999999999945,48.3,100.0,0,0.02,0
2025-01-06 15:30:00,AWS_VIDP,New Delhi / Indira Gandhi Intl,Delhi,Delhi,28.5667,77.1167,233.0,14.0,1016.93,82.1,NOAA/NWS ASOS via IEM Archive (provided source file),0,NORMAL,,,,,,15,6,1,6,Winter,1,0.0,0.0,0.0,AWS_VAAH,757.3475677791808,-11.0,4.059999999999945,52.6,100.0,0,0.02,0
2025-01-06 16:00:00,AWS_VIDP,New Delhi / Indira Gandhi Intl,Delhi,Delhi,28.5667,77.1167,233.0,14.0,1016.93,87.7,NOAA/NWS ASOS via IEM Archive (provided source file),0,NORMAL,,,,,,16,6,1,6,Winter,1,0.0,0.0,5.6000000000000085,AWS_VAAH,757.3475677791808,-11.0,4.059999999999945,58.2,100.0,0,0.02,0
2025-01-06 16:30:00,AWS_VIDP,New Delhi / Indira Gandhi Intl,Delhi,Delhi,28.5667,77.1167,233.0,14.0,1016.93,87.7,NOAA/NWS ASOS via IEM Archive (provided source file),0,NORMAL,,,,,,16,6,1,6,Winter,1,0.0,0.0,0.0,AWS_VAAH,757.3475677791808,-11.0,4.059999999999945,58.2,100.0,0,0.02,0
2025-01-06 17:00:00,AWS_VIDP,New Delhi / Indira Gandhi Intl,Delhi,Delhi,28.5667,77.1167,233.0,13.0,1015.92,87.6,NOAA/NWS ASOS via IEM Archive (provided source file),0,NORMAL,,,,,,17,6,1,6,Winter,1,-1.0,-1.009999999999991,-0.1000000000000085,AWS_VAAH,757.3475677791808,,,,100.0,0,0.02,0
2025-01-06 17:30:00,AWS_VIDP,New Delhi / Indira Gandhi Intl,Delhi,Delhi,28.5667,77.1167,233.0,13.0,1015.92,87.6,NOAA/NWS ASOS via IEM Archive (provided source file),0,NORMAL,,,,,,17,6,1,6,Winter,1,0.0,0.0,0.0,AWS_VAAH,757.3475677791808,-12.0,3.0499999999999545,60.1,100.0,0,0.02,0
2025-01-06 18:00:00,AWS_VIDP,New Delhi / Indira Gandhi Intl,Delhi,Delhi,28.5667,77.1167,233.0,13.0,1016.93,87.6,NOAA/NWS ASOS via IEM Archive (provided source file),0,NORMAL,,,,,,18,6,1,6,Winter,0,0.0,1.009999999999991,0.0,AWS_VAAH,757.3475677791808,-10.0,4.059999999999945,54.3,100.0,0,0.02,0
2025-01-06 18:30:00,AWS_VIDP,New Delhi / Indira Gandhi Intl,Delhi,Delhi,28.5667,77.1167,233.0,13.0,1016.93,87.6,NOAA/NWS ASOS via IEM Archive (provided source file),0,NORMAL,,,,,,18,6,1,6,Winter,0,0.0,0.0,0.0,AWS_VAAH,757.3475677791808,-10.0,3.0499999999999545,51.89999999999999,100.0,0,0.02,0
2025-01-06 19:00:00,AWS_VIDP,New Delhi / Indira Gandhi Intl,Delhi,Delhi,28.5667,77.1167,233.0,13.0,1016.93,93.6,NOAA/NWS ASOS via IEM Archive (provided source file),0,NORMAL,,,,,,19,6,1,6,Winter,0,0.0,0.0,6.0,AWS_VAAH,757.3475677791808,-9.0,3.0499999999999545,52.99999999999999,100.0,0,0.02,0
2025-01-06 19:30:00,AWS_VIDP,New Delhi / Indira Gandhi Intl,Delhi,Delhi,28.5667,77.1167,233.0,13.0,1016.93,93.6,NOAA/NWS ASOS via IEM Archive (provided source file),0,NORMAL,,,,,,19,6,1,6,Winter,0,0.0,0.0,0.0,AWS_VAAH,757.3475677791808,-9.0,3.0499999999999545,52.99999999999999,100.0,0,0.02,0
2025-01-06 20:00:00,AWS_VIDP,New Delhi / Indira Gandhi Intl,Delhi,Delhi,28.5667,77.1167,233.0,13.0,1017.95,93.6,NOAA/NWS ASOS via IEM Archive (provided source file),0,NORMAL,,,,,,20,6,1,6,Winter,0,0.0,1.0200000000000955,0.0,AWS_VAAH,757.3475677791808,-9.0,3.050000000000068,52.99999999999999,100.0,0,0.02,0
2025-01-06 20:30:00,AWS_VIDP,New Delhi / Indira Gandhi Intl,Delhi,Delhi,28.5667,77.1167,233.0,13.0,1017.95,93.6,NOAA/NWS ASOS via IEM Archive (provided source file),0,NORMAL,,,,,,20,6,1,6,Winter,0,0.0,0.0,0.0,AWS_VAAH,757.3475677791808,-8.0,3.050000000000068,53.3,100.0,0,0.02,0
2025-01-06 21:00:00,AWS_VIDP,New Delhi / Indira Gandhi Intl,Delhi,Delhi,28.5667,77.1167,233.0,13.0,1017.95,93.6,NOAA/NWS ASOS via IEM Archive (provided source file),0,NORMAL,,,,,,21,6,1,6,Winter,0,0.0,0.0,0.0,AWS_VAAH,757.3475677791808,-8.0,3.050000000000068,55.99999999999999,100.0,0,0.02,0
2025-01-06 21:30:00,AWS_VIDP,New Delhi / Indira Gandhi Intl,Delhi,Delhi,28.5667,77.1167,233.0,12.0,1017.95,100.0,NOAA/NWS ASOS via IEM Archive (provided source file),0,NORMAL,,,,,,21,6,1,6,Winter,0,-1.0,0.0,6.400000000000006,AWS_VAAH,757.3475677791808,-8.0,2.0300000000000864,60.0,100.0,0,0.02,0
2025-01-06 22:00:00,AWS_VIDP,New Delhi / Indira Gandhi Intl,Delhi,Delhi,28.5667,77.1167,233.0,12.0,1017.95,100.0,NOAA/NWS ASOS via IEM Archive (provided source file),0,NORMAL,,,,,,22,6,1,6,Winter,0,0.0,0.0,0.0,AWS_VAAH,757.3475677791808,-7.0,2.0300000000000864,57.4,100.0,0,0.02,0
2025-01-06 22:30:00,AWS_VIDP,New Delhi / Indira Gandhi Intl,Delhi,Delhi,28.5667,77.1167,233.0,12.0,1017.95,100.0,NOAA/NWS ASOS via IEM Archive (provided source file),0,NORMAL,,,,,,22,6,1,6,Winter,0,0.0,0.0,0.0,AWS_VAAH,757.3475677791808,-6.0,2.0300000000000864,51.4,100.0,0,0.02,0
2025-01-06 23:00:00,AWS_VIDP,New Delhi / Indira Gandhi Intl,Delhi,Delhi,28.5667,77.1167,233.0,12.0,1017.95,100.0,NOAA/NWS ASOS via IEM Archive (provided source file),0,NORMAL,,,,,,23,6,1,6,Winter,0,0.0,0.0,0.0,AWS_VAAH,757.3475677791808,-6.0,2.0300000000000864,51.4,100.0,0,0.02,0
2025-01-06 23:30:00,AWS_VIDP,New Delhi / Indira Gandhi Intl,Delhi,Delhi,28.5667,77.1167,233.0,12.0,1017.95,100.0,NOAA/NWS ASOS via IEM Archive (provided source file),0,NORMAL,,,,,,23,6,1,6,Winter,0,0.0,0.0,0.0,AWS_VAAH,757.3475677791808,-6.0,2.0300000000000864,54.7,100.0,0,0.02,0
2025-01-06 03:00:00,AWS_VOBL,Bengaluru / Kempegowda Intl,Bengaluru,Karnataka,13.1979,77.7063,915.0,15.0,1015.92,100.0,NOAA/NWS ASOS via IEM Archive (provided source file),0,NORMAL,,,,,,3,6,1,6,Winter,0,-1.0,0.0,6.200000000000003,AWS_VOMM,268.91547791167454,-8.0,5.079999999999927,11.5,100.0,0,0.02,0
2025-01-06 03:30:00,AWS_VOBL,Bengaluru / Kempegowda Intl,Bengaluru,Karnataka,13.1979,77.7063,915.0,16.0,1015.92,93.8,NOAA/NWS ASOS via IEM Archive (provided source file),0,NORMAL,,,,,,3,6,1,6,Winter,0,1.0,0.0,-6.200000000000003,AWS_VOMM,268.91547791167454,-7.0,5.079999999999927,10.599999999999994,100.0,0,0.02,0
2025-01-06 04:00:00,AWS_VOBL,Bengaluru / Kempegowda Intl,Bengaluru,Karnataka,13.1979,77.7063,915.0,16.0,1015.92,93.8,NOAA/NWS ASOS via IEM Archive (provided source file),0,NORMAL,,,,,,4,6,1,6,Winter,0,0.0,0.0,0.0,AWS_VOMM,268.91547791167454,-7.0,5.079999999999927,10.599999999999994,100.0,0,0.02,0
2025-01-06 04:30:00,AWS_VOBL,Bengaluru / Kempegowda Intl,Bengaluru,Karnataka,13.1979,77.7063,915.0,16.0,1015.92,93.8,NOAA/NWS ASOS via IEM Archive (provided source file),0,NORMAL,,,,,,4,6,1,6,Winter,0,0.0,0.0,0.0,AWS_VOMM,268.91547791167454,-7.0,5.079999999999927,10.599999999999994,100.0,0,0.02,0
2025-01-06 05:00:00,AWS_VOBL,Bengaluru / Kempegowda Intl,Bengaluru,Karnataka,13.1979,77.7063,915.0,16.0,1015.92,93.8,NOAA/NWS ASOS via IEM Archive (provided source file),0,NORMAL,,,,,,5,6,1,6,Winter,0,0.0,0.0,0.0,AWS_VOMM,268.91547791167454,-7.0,5.079999999999927,10.599999999999994,100.0,0,0.02,0
2025-01-06 05:30:00,AWS_VOBL,Bengaluru / Kempegowda Intl,Bengaluru,Karnataka,13.1979,77.7063,915.0,16.0,1015.92,93.8,NOAA/NWS ASOS via IEM Archive (provided source file),0,NORMAL,,,,,,5,6,1,6,Winter,0,0.0,0.0,0.0,AWS_VOMM,268.91547791167454,-7.0,5.079999999999927,10.599999999999994,100.0,0,0.02,0
2025-01-06 06:00:00,AWS_VOBL,Bengaluru / Kempegowda Intl,Bengaluru,Karnataka,13.1979,77.7063,915.0,16.0,1015.92,87.9,NOAA/NWS ASOS via IEM Archive (provided source file),0,NORMAL,,,,,,6,6,1,6,Winter,1,0.0,0.0,-5.899999999999992,AWS_VOMM,268.91547791167454,-6.0,4.069999999999936,-0.5,100.0,0,0.02,0
2025-01-06 06:30:00,AWS_VOBL,Bengaluru / Kempegowda Intl,Bengaluru,Karnataka,13.1979,77.7063,915.0,16.0,1016.93,87.9,NOAA/NWS ASOS via IEM Archive (provided source file),0,NORMAL,,,,,,6,6,1,6,Winter,1,0.0,1.009999999999991,0.0,AWS_VOMM,268.91547791167454,-6.0,5.079999999999927,-0.5,100.0,0,0.02,0
2025-01-06 07:00:00,AWS_VOBL,Bengaluru / Kempegowda Intl,Bengaluru,Karnataka,13.1979,77.7063,915.0,15.0,1016.93,87.8,NOAA/NWS ASOS via IEM Archive (provided source file),0,NORMAL,,,,,,7,6,1,6,Winter,1,-1.0,0.0,-0.1000000000000085,AWS_VOMM,268.91547791167454,-7.0,4.059999999999945,-0.6000000000000085,100.0,0,0.02,0
2025-01-06 07:30:00,AWS_VOBL,Bengaluru / Kempegowda Intl,Bengaluru,Karnataka,13.1979,77.7063,915.0,16.0,1017.95,87.9,NOAA/NWS ASOS via IEM Archive (provided source file),0,NORMAL,,,,,,7,6,1,6,Winter,1,1.0,1.0200000000000955,0.1000000000000085,AWS_VOMM,268.91547791167454,-7.0,5.080000000000041,4.700000000000003,100.0,0,0.02,0
2025-01-06 08:00:00,AWS_VOBL,Bengaluru / Kempegowda Intl,Bengaluru,Karnataka,13.1979,77.7063,915.0,16.0,1017.95,87.9,NOAA/NWS ASOS via IEM Archive (provided source file),0,NORMAL,,,,,,8,6,1,6,Winter,1,0.0,0.0,0.0,AWS_VOMM,268.91547791167454,-7.0,4.07000000000005,-0.5999999999999943,100.0,0,0.02,0
2025-01-06 08:30:00,AWS_VOBL,Bengaluru / Kempegowda Intl,Bengaluru,Karnataka,13.1979,77.7063,915.0,17.0,1018.96,82.5,NOAA/NWS ASOS via IEM Archive (provided source file),0,NORMAL,,,,,,8,6,1,6,Winter,1,1.0,1.009999999999991,-5.400000000000006,AWS_VOMM,268.91547791167454,-7.0,5.080000000000041,-0.7999999999999972,100.0,0,0.02,0
2025-01-06 09:00:00,AWS_VOBL,Bengaluru / Kempegowda Intl,Bengaluru,Karnataka,13.1979,77.7063,915.0,18.0,1018.96,77.4,NOAA/NWS ASOS via IEM Archive (provided source file),0,NORMAL,,,,,,9,6,1,6,Winter,1,1.0,0.0,-5.099999999999994,AWS_VOMM,268.91547791167454,-6.0,5.080000000000041,-5.899999999999992,100.0,0,0.02,0
2025-01-06 09:30:00,AWS_VOBL,Bengaluru / Kempegowda Intl,Bengaluru,Karnataka,13.1979,77.7063,915.0,19.0,1018.96,72.7,NOAA/NWS ASOS via IEM Archive (provided source file),0,NORMAL,,,,,,9,6,1,6,Winter,1,1.0,0.0,-4.700000000000003,AWS_VOMM,268.91547791167454,-6.0,5.080000000000041,-10.700000000000005,100.0,0,0.02,0
2025-01-06 10:00:00,AWS_VOBL,Bengaluru / Kempegowda Intl,Bengaluru,Karnataka,13.1979,77.7063,915.0,20.0,1018.96,68.4,NOAA/NWS ASOS via IEM Archive (provided source file),0,NORMAL,,,,,,10,6,1,6,Winter,1,1.0,0.0,-4.299999999999997,AWS_VOMM,268.91547791167454,-6.0,5.080000000000041,-10.199999999999989,100.0,0,0.02,0
2025-01-06 10:30:00,AWS_VOBL,Bengaluru / Kempegowda Intl,Bengaluru,Karnataka,13.1979,77.7063,915.0,21.0,1018.96,60.2,NOAA/NWS ASOS via IEM Archive (provided source file),0,NORMAL,,,,,,10,6,1,6,Winter,1,1.0,0.0,-8.200000000000003,AWS_VOMM,268.91547791167454,-6.0,5.080000000000041,-13.899999999999991,100.0,0,0.02,0
2025-01-06 11:00:00,AWS_VOBL,Bengaluru / Kempegowda Intl,Bengaluru,Karnataka,13.1979,77.7063,915.0,22.0,1017.95,56.6,NOAA/NWS ASOS via IEM Archive (provided source file),0,NORMAL,,,,,,11,6,1,6,Winter,1,1.0,-1.009999999999991,-3.6000000000000014,AWS_VOMM,268.91547791167454,-6.0,4.07000000000005,-13.300000000000004,100.0,0,0.02,0
2025-01-06 11:30:00,AWS_VOBL,Bengaluru / Kempegowda Intl,Bengaluru,Karnataka,13.1979,77.7063,915.0,23.0,1017.95,49.9,NOAA/NWS ASOS via IEM Archive (provided source file),0,NORMAL,,,,,,11,6,1,6,Winter,1,1.0,0.0,-6.700000000000003,AWS_VOMM,268.91547791167454,-5.0,5.080000000000041,-20.000000000000007,100.0,0,0.02,0
2025-01-06 12:00:00,AWS_VOBL,Bengaluru / Kempegowda Intl,Bengaluru,Karnataka,13.1979,77.7063,915.0,23.0,1016.93,49.9,NOAA/NWS ASOS via IEM Archive (provided source file),0,NORMAL,,,,,,12,6,1,6,Winter,1,0.0,-1.0200000000000955,0.0,AWS_VOMM,268.91547791167454,-5.0,4.059999999999945,-20.000000000000007,100.0,0,0.02,0
2025-01-06 12:30:00,AWS_VOBL,Bengaluru / Kempegowda Intl,Bengaluru,Karnataka,13.1979,77.7063,915.0,24.0,1015.92,41.1,NOAA/NWS ASOS via IEM Archive (provided source file),0,NORMAL,,,,,,12,6,1,6,Winter,1,1.0,-1.009999999999991,-8.799999999999997,AWS_VOMM,268.91547791167454,-4.0,4.069999999999936,-28.800000000000004,100.0,0,0.02,0
2025-01-06 13:00:00,AWS_VOBL,Bengaluru / Kempegowda Intl,Bengaluru,Karnataka,13.1979,77.7063,915.0,25.0,1015.92,38.7,NOAA/NWS ASOS via IEM Archive (provided source file),0,NORMAL,,,,,,13,6,1,6,Winter,1,1.0,0.0,-2.3999999999999986,AWS_VOMM,268.91547791167454,-3.0,5.079999999999927,-31.200000000000003,100.0,0,0.02,0
2025-01-06 13:30:00,AWS_VOBL,Bengaluru / Kempegowda Intl,Bengaluru,Karnataka,13.1979,77.7063,915.0,26.0,1014.9,36.5,NOAA/NWS ASOS via IEM Archive (provided source file),0,NORMAL,,,,,,13,6,1,6,Winter,1,1.0,-1.0199999999999818,-2.200000000000003,AWS_VOMM,268.91547791167454,-3.0,4.059999999999945,-29.5,100.0,0,0.02,0
2025-01-06 14:00:00,AWS_VOBL,Bengaluru / Kempegowda Intl,Bengaluru,Karnataka,13.1979,77.7063,915.0,27.0,1014.9,30.1,NOAA/NWS ASOS via IEM Archive (provided source file),0,NORMAL,,,,,,14,6,1,6,Winter,1,1.0,0.0,-6.399999999999999,AWS_VOMM,268.91547791167454,-2.0,4.740000000000009,-35.9,100.0,0,0.02,0
2025-01-06 14:30:00,AWS_VOBL,Bengaluru / Kempegowda Intl,Bengaluru,Karnataka,13.1979,77.7063,915.0,27.0,1013.88,30.1,NOAA/NWS ASOS via IEM Archive (provided source file),0,NORMAL,,,,,,14,6,1,6,Winter,1,0.0,-1.0199999999999818,0.0,AWS_VOMM,268.91547791167454,-2.0,3.7200000000000273,-35.9,100.0,0,0.02,0
2025-01-06 15:00:00,AWS_VOBL,Bengaluru / Kempegowda Intl,Bengaluru,Karnataka,13.1979,77.7063,915.0,27.0,1013.88,30.1,NOAA/NWS ASOS via IEM Archive (provided source file),0,NORMAL,,,,,,15,6,1,6,Winter,1,0.0,0.0,0.0,AWS_VOMM,268.91547791167454,-2.0,3.7200000000000273,-35.9,100.0,0,0.02,0
2025-01-06 15:30:00,AWS_VOBL,Bengaluru / Kempegowda Intl,Bengaluru,Karnataka,13.1979,77.7063,915.0,27.0,1013.88,30.1,NOAA/NWS ASOS via IEM Archive (provided source file),0,NORMAL,,,,,,15,6,1,6,Winter,1,0.0,0.0,0.0,AWS_VOMM,268.91547791167454,-1.0,3.7200000000000273,-39.8,100.0,0,0.02,0
2025-01-06 16:00:00,AWS_VOBL,Bengaluru / Kempegowda Intl,Bengaluru,Karnataka,13.1979,77.7063,915.0,27.0,1013.88,28.1,NOAA/NWS ASOS via IEM Archive (provided source file),0,NORMAL,,,,,,16,6,1,6,Winter,1,0.0,0.0,-2.0,AWS_VOMM,268.91547791167454,-1.0,3.7200000000000273,-41.8,100.0,0,0.02,0
2025-01-06 16:30:00,AWS_VOBL,Bengaluru / Kempegowda Intl,Bengaluru,Karnataka,13.1979,77.7063,915.0,27.0,1013.88,30.1,NOAA/NWS ASOS via IEM Archive (provided source file),0,NORMAL,,,,,,16,6,1,6,Winter,1,0.0,0.0,2.0,AWS_VOMM,268.91547791167454,-1.0,3.7200000000000273,-39.8,100.0,0,0.02,0
2025-01-06 17:00:00,AWS_VOBL,Bengaluru / Kempegowda Intl,Bengaluru,Karnataka,13.1979,77.7063,915.0,26.0,1013.88,31.9,NOAA/NWS ASOS via IEM Archive (provided source file),0,NORMAL,,,,,,17,6,1,6,Winter,1,-1.0,0.0,1.7999999999999972,AWS_VOMM,268.91547791167454,-2.0,3.7200000000000273,-38.00000000000001,100.0,0,0.02,0
2025-01-06 17:30:00,AWS_VOBL,Bengaluru / Kempegowda Intl,Bengaluru,Karnataka,13.1979,77.7063,915.0,26.0,1013.88,34.1,NOAA/NWS ASOS via IEM Archive (provided source file),0,NORMAL,,,,,,17,6,1,6,Winter,1,0.0,0.0,2.200000000000003,AWS_VOMM,268.91547791167454,-1.0,3.7200000000000273,-39.99999999999999,100.0,0,0.02,0
2025-01-06 18:00:00,AWS_VOBL,Bengaluru / Kempegowda Intl,Bengaluru,Karnataka,13.1979,77.7063,915.0,26.0,1013.88,34.1,NOAA/NWS ASOS via IEM Archive (provided source file),0,NORMAL,,,,,,18,6,1,6,Winter,0,0.0,0.0,0.0,AWS_VOMM,268.91547791167454,0.0,3.7200000000000273,-44.49999999999999,100.0,0,0.02,0
2025-01-06 18:30:00,AWS_VOBL,Bengaluru / Kempegowda Intl,Bengaluru,Karnataka,13.1979,77.7063,915.0,23.0,1014.9,46.7,NOAA/NWS ASOS via IEM Archive (provided source file),0,NORMAL,,,,,,18,6,1,6,Winter,0,-3.0,1.0199999999999818,12.6,AWS_VOMM,268.91547791167454,-3.0,4.059999999999945,-31.89999999999999,100.0,0,0.02,0
2025-01-06 19:00:00,AWS_VOBL,Bengaluru / Kempegowda Intl,Bengaluru,Karnataka,13.1979,77.7063,915.0,23.0,1015.92,43.7,NOAA/NWS ASOS via IEM Archive (provided source file),0,NORMAL,,,,,,19,6,1,6,Winter,0,0.0,1.0199999999999818,-3.0,AWS_VOMM,268.91547791167454,-3.0,5.079999999999927,-34.89999999999999,100.0,0,0.02,0
2025-01-06 19:30:00,AWS_VOBL,Bengaluru / Kempegowda Intl,Bengaluru,Karnataka,13.1979,77.7063,915.0,22.0,1015.92,53.0,NOAA/NWS ASOS via IEM Archive (provided source file),0,NORMAL,,,,,,19,6,1,6,Winter,0,-1.0,0.0,9.299999999999995,AWS_VOMM,268.91547791167454,-3.0,4.069999999999936,-30.40000000000001,100.0,0,0.02,0
2025-01-06 20:00:00,AWS_VOBL,Bengaluru / Kempegowda Intl,Bengaluru,Karnataka,13.1979,77.7063,915.0,22.0,1016.93,56.6,NOAA/NWS ASOS via IEM Archive (provided source file),0,NORMAL,,,,,,20,6,1,6,Winter,0,0.0,1.009999999999991,3.6000000000000014,AWS_VOMM,268.91547791167454,-3.0,5.079999999999927,-26.800000000000004,100.0,0,0.02,0
2025-01-06 20:30:00,AWS_VOBL,Bengaluru / Kempegowda Intl,Bengaluru,Karnataka,13.1979,77.7063,915.0,21.0,1016.93,60.2,NOAA/NWS ASOS via IEM Archive (provided source file),0,NORMAL,,,,,,20,6,1,6,Winter,0,-1.0,0.0,3.6000000000000014,AWS_VOMM,268.91547791167454,-4.0,4.059999999999945,-23.200000000000003,100.0,0,0.02,0
2025-01-06 21:00:00,AWS_VOBL,Bengaluru / Kempegowda Intl,Bengaluru,Karnataka,13.1979,77.7063,915.0,19.0,1017.95,68.2,NOAA/NWS ASOS via IEM Archive (provided source file),0,NORMAL,,,,,,21,6,1,6,Winter,0,-2.0,1.0200000000000955,8.0,AWS_VOMM,268.91547791167454,-6.0,5.080000000000041,-15.200000000000005,100.0,0,0.02,0
2025-01-06 21:30:00,AWS_VOBL,Bengaluru / Kempegowda Intl,Bengaluru,Karnataka,13.1979,77.7063,915.0,19.0,1017.95,68.2,NOAA/NWS ASOS via IEM Archive (provided source file),0,NORMAL,,,,,,21,6,1,6,Winter,0,0.0,0.0,0.0,AWS_VOMM,268.91547791167454,-6.0,5.080000000000041,-15.200000000000005,100.0,0,0.02,0
2025-01-06 22:00:00,AWS_VOBL,Bengaluru / Kempegowda Intl,Bengaluru,Karnataka,13.1979,77.7063,915.0,19.0,1017.95,68.2,NOAA/NWS ASOS via IEM Archive (provided source file),0,NORMAL,,,,,,22,6,1,6,Winter,0,0.0,0.0,0.0,AWS_VOMM,268.91547791167454,-6.0,5.080000000000041,-15.200000000000005,100.0,0,0.02,0
2025-01-06 22:30:00,AWS_VOBL,Bengaluru / Kempegowda Intl,Bengaluru,Karnataka,13.1979,77.7063,915.0,18.0,1017.95,72.6,NOAA/NWS ASOS via IEM Archive (provided source file),0,NORMAL,,,,,,22,6,1,6,Winter,0,-1.0,0.0,4.399999999999992,AWS_VOMM,268.91547791167454,-6.0,5.080000000000041,-16.0,100.0,0,0.02,0
2025-01-06 23:00:00,AWS_VOBL,Bengaluru / Kempegowda Intl,Bengaluru,Karnataka,13.1979,77.7063,915.0,18.0,1017.95,72.6,NOAA/NWS ASOS via IEM Archive (provided source file),0,NORMAL,,,,,,23,6,1,6,Winter,0,0.0,0.0,0.0,AWS_VOMM,268.91547791167454,-6.0,5.080000000000041,-16.0,100.0,0,0.02,0
2025-01-06 23:30:00,AWS_VOBL,Bengaluru / Kempegowda Intl,Bengaluru,Karnataka,13.1979,77.7063,915.0,18.0,1017.95,77.4,NOAA/NWS ASOS via IEM Archive (provided source file),0,NORMAL,,,,,,23,6,1,6,Winter,0,0.0,0.0,4.800000000000011,AWS_VOMM,268.91547791167454,-6.0,5.080000000000041,-11.199999999999989,100.0,0,0.02,0
2025-01-06 03:00:00,AWS_VOMM,Chennai / Chennai Intl,Chennai,Tamil Nadu,12.9944,80.1805,16.0,23.0,1010.84,88.5,NOAA/NWS ASOS via IEM Archive (provided source file),0,NORMAL,,,,,,3,6,1,6,Winter,0,-1.0,0.0,5.200000000000003,AWS_VOBL,268.91547791167454,8.0,-5.079999999999927,-11.5,100.0,0,0.02,0
2025-01-06 03:30:00,AWS_VOMM,Chennai / Chennai Intl,Chennai,Tamil Nadu,12.9944,80.1805,16.0,23.0,1010.84,83.2,NOAA/NWS ASOS via IEM Archive (provided source file),0,NORMAL,,,,,,3,6,1,6,Winter,0,0.0,0.0,-5.299999999999997,AWS_VOBL,268.91547791167454,7.0,-5.079999999999927,-10.599999999999994,100.0,0,0.02,0
2025-01-06 04:00:00,AWS_VOMM,Chennai / Chennai Intl,Chennai,Tamil Nadu,12.9944,80.1805,16.0,23.0,1010.84,83.2,NOAA/NWS ASOS via IEM Archive (provided source file),0,NORMAL,,,,,,4,6,1,6,Winter,0,0.0,0.0,0.0,AWS_VOBL,268.91547791167454,7.0,-5.079999999999927,-10.599999999999994,100.0,0,0.02,0
2025-01-06 04:30:00,AWS_VOMM,Chennai / Chennai Intl,Chennai,Tamil Nadu,12.9944,80.1805,16.0,23.0,1010.84,83.2,NOAA/NWS ASOS via IEM Archive (provided source file),0,NORMAL,,,,,,4,6,1,6,Winter,0,0.0,0.0,0.0,AWS_VOBL,268.91547791167454,7.0,-5.079999999999927,-10.599999999999994,100.0,0,0.02,0
2025-01-06 05:00:00,AWS_VOMM,Chennai / Chennai Intl,Chennai,Tamil Nadu,12.9944,80.1805,16.0,23.0,1010.84,83.2,NOAA/NWS ASOS via IEM Archive (provided source file),0,NORMAL,,,,,,5,6,1,6,Winter,0,0.0,0.0,0.0,AWS_VOBL,268.91547791167454,7.0,-5.079999999999927,-10.599999999999994,100.0,0,0.02,0
2025-01-06 05:30:00,AWS_VOMM,Chennai / Chennai Intl,Chennai,Tamil Nadu,12.9944,80.1805,16.0,23.0,1010.84,83.2,NOAA/NWS ASOS via IEM Archive (provided source file),0,NORMAL,,,,,,5,6,1,6,Winter,0,0.0,0.0,0.0,AWS_VOBL,268.91547791167454,7.0,-5.079999999999927,-10.599999999999994,100.0,0,0.02,0
2025-01-06 06:00:00,AWS_VOMM,Chennai / Chennai Intl,Chennai,Tamil Nadu,12.9944,80.1805,16.0,22.0,1011.85,88.4,NOAA/NWS ASOS via IEM Archive (provided source file),0,NORMAL,,,,,,6,6,1,6,Winter,1,-1.0,1.009999999999991,5.200000000000003,AWS_VOBL,268.91547791167454,6.0,-4.069999999999936,0.5,100.0,0,0.02,0
2025-01-06 06:30:00,AWS_VOMM,Chennai / Chennai Intl,Chennai,Tamil Nadu,12.9944,80.1805,16.0,22.0,1011.85,88.4,NOAA/NWS ASOS via IEM Archive (provided source file),0,NORMAL,,,,,,6,6,1,6,Winter,1,0.0,0.0,0.0,AWS_VOBL,268.91547791167454,6.0,-5.079999999999927,0.5,100.0,0,0.02,0
2025-01-06 07:00:00,AWS_VOMM,Chennai / Chennai Intl,Chennai,Tamil Nadu,12.9944,80.1805,16.0,22.0,1012.87,88.4,NOAA/NWS ASOS via IEM Archive (provided source file),0,NORMAL,,,,,,7,6,1,6,Winter,1,0.0,1.0199999999999818,0.0,AWS_VOBL,268.91547791167454,7.0,-4.059999999999945,0.6000000000000085,100.0,0,0.02,0
2025-01-06 07:30:00,AWS_VOMM,Chennai / Chennai Intl,Chennai,Tamil Nadu,12.9944,80.1805,16.0,23.0,1012.87,83.2,NOAA/NWS ASOS via IEM Archive (provided source file),0,NORMAL,,,,,,7,6,1,6,Winter,1,1.0,0.0,-5.200000000000003,AWS_VOBL,268.91547791167454,7.0,-5.080000000000041,-4.700000000000003,100.0,0,0.02,0
2025-01-06 08:00:00,AWS_VOMM,Chennai / Chennai Intl,Chennai,Tamil Nadu,12.9944,80.1805,16.0,23.0,1013.88,88.5,NOAA/NWS ASOS via IEM Archive (provided source file),0,NORMAL,,,,,,8,6,1,6,Winter,1,0.0,1.009999999999991,5.299999999999997,AWS_VOBL,268.91547791167454,7.0,-4.07000000000005,0.5999999999999943,100.0,0,0.02,0
2025-01-06 08:30:00,AWS_VOMM,Chennai / Chennai Intl,Chennai,Tamil Nadu,12.9944,80.1805,16.0,24.0,1013.88,83.3,NOAA/NWS ASOS via IEM Archive (provided source file),0,NORMAL,,,,,,8,6,1,6,Winter,1,1.0,0.0,-5.200000000000003,AWS_VOBL,268.91547791167454,7.0,-5.080000000000041,0.7999999999999972,100.0,0,0.02,0
2025-01-06 09:00:00,AWS_VOMM,Chennai / Chennai Intl,Chennai,Tamil Nadu,12.9944,80.1805,16.0,24.0,1013.88,83.3,NOAA/NWS ASOS via IEM Archive (provided source file),0,NORMAL,,,,,,9,6,1,6,Winter,1,0.0,0.0,0.0,AWS_VOBL,268.91547791167454,6.0,-5.080000000000041,5.899999999999992,100.0,0,0.02,0
2025-01-06 09:30:00,AWS_VOMM,Chennai / Chennai Intl,Chennai,Tamil Nadu,12.9944,80.1805,16.0,25.0,1013.88,83.4,NOAA/NWS ASOS via IEM Archive (provided source file),0,NORMAL,,,,,,9,6,1,6,Winter,1,1.0,0.0,0.1000000000000085,AWS_VOBL,268.91547791167454,6.0,-5.080000000000041,10.700000000000005,100.0,0,0.02,0
2025-01-06 10:00:00,AWS_VOMM,Chennai / Chennai Intl,Chennai,Tamil Nadu,12.9944,80.1805,16.0,26.0,1013.88,78.6,NOAA/NWS ASOS via IEM Archive (provided source file),0,NORMAL,,,,,,10,6,1,6,Winter,1,1.0,0.0,-4.800000000000011,AWS_VOBL,268.91547791167454,6.0,-5.080000000000041,10.199999999999989,100.0,0,0.02,0
2025-01-06 10:30:00,AWS_VOMM,Chennai / Chennai Intl,Chennai,Tamil Nadu,12.9944,80.1805,16.0,27.0,1013.88,74.1,NOAA/NWS ASOS via IEM Archive (provided source file),0,NORMAL,,,,,,10,6,1,6,Winter,1,1.0,0.0,-4.5,AWS_VOBL,268.91547791167454,6.0,-5.080000000000041,13.899999999999991,100.0,0,0.02,0
2025-01-06 11:00:00,AWS_VOMM,Chennai / Chennai Intl,Chennai,Tamil Nadu,12.9944,80.1805,16.0,28.0,1013.88,69.9,NOAA/NWS ASOS via IEM Archive (provided source file),0,NORMAL,,,,,,11,6,1,6,Winter,1,1.0,0.0,-4.199999999999989,AWS_VOBL,268.91547791167454,6.0,-4.07000000000005,13.300000000000004,100.0,0,0.02,0
2025-01-06 11:30:00,AWS_VOMM,Chennai / Chennai Intl,Chennai,Tamil Nadu,12.9944,80.1805,16.0,28.0,1012.87,69.9,NOAA/NWS ASOS via IEM Archive (provided source file),0,NORMAL,,,,,,11,6,1,6,Winter,1,0.0,-1.009999999999991,0.0,AWS_VOBL,268.91547791167454,5.0,-5.080000000000041,20.000000000000007,100.0,0,0.02,0
2025-01-06 12:00:00,AWS_VOMM,Chennai / Chennai Intl,Chennai,Tamil Nadu,12.9944,80.1805,16.0,28.0,1012.87,69.9,NOAA/NWS ASOS via IEM Archive (provided source file),0,NORMAL,,,,,,12,6,1,6,Winter,1,0.0,0.0,0.0,AWS_VOBL,268.91547791167454,5.0,-4.059999999999945,20.000000000000007,100.0,0,0.02,0
2025-01-06 12:30:00,AWS_VOMM,Chennai / Chennai Intl,Chennai,Tamil Nadu,12.9944,80.1805,16.0,28.0,1011.85,69.9,NOAA/NWS ASOS via IEM Archive (provided source file),0,NORMAL,,,,,,12,6,1,6,Winter,1,0.0,-1.0199999999999818,0.0,AWS_VOBL,268.91547791167454,4.0,-4.069999999999936,28.800000000000004,100.0,0,0.02,0
2025-01-06 13:00:00,AWS_VOMM,Chennai / Chennai Intl,Chennai,Tamil Nadu,12.9944,80.1805,16.0,28.0,1010.84,69.9,NOAA/NWS ASOS via IEM Archive (provided source file),0,NORMAL,,,,,,13,6,1,6,Winter,1,0.0,-1.009999999999991,0.0,AWS_VOBL,268.91547791167454,3.0,-5.079999999999927,31.200000000000003,100.0,0,0.02,0
2025-01-06 13:30:00,AWS_VOMM,Chennai / Chennai Intl,Chennai,Tamil Nadu,12.9944,80.1805,16.0,29.0,1010.84,66.0,NOAA/NWS ASOS via IEM Archive (provided source file),0,NORMAL,,,,,,13,6,1,6,Winter,1,1.0,0.0,-3.9000000000000057,AWS_VOBL,268.91547791167454,3.0,-4.059999999999945,29.5,100.0,0,0.02,0
2025-01-06 14:00:00,AWS_VOMM,Chennai / Chennai Intl,Chennai,Tamil Nadu,12.9944,80.1805,16.0,29.0,1010.16,66.0,NOAA/NWS ASOS via IEM Archive (provided source file),0,NORMAL,,,,,,14,6,1,6,Winter,1,0.0,-0.6800000000000637,0.0,AWS_VOBL,268.91547791167454,2.0,-4.740000000000009,35.9,100.0,0,0.02,0
2025-01-06 14:30:00,AWS_VOMM,Chennai / Chennai Intl,Chennai,Tamil Nadu,12.9944,80.1805,16.0,29.0,1010.16,66.0,NOAA/NWS ASOS via IEM Archive (provided source file),0,NORMAL,,,,,,14,6,1,6,Winter,1,0.0,0.0,0.0,AWS_VOBL,268.91547791167454,2.0,-3.7200000000000273,35.9,100.0,0,0.02,0
2025-01-06 15:00:00,AWS_VOMM,Chennai / Chennai Intl,Chennai,Tamil Nadu,12.9944,80.1805,16.0,29.0,1010.16,66.0,NOAA/NWS ASOS via IEM Archive (provided source file),0,NORMAL,,,,,,15,6,1,6,Winter,1,0.0,0.0,0.0,AWS_VOBL,268.91547791167454,2.0,-3.7200000000000273,35.9,100.0,0,0.02,0
2025-01-06 15:30:00,AWS_VOMM,Chennai / Chennai Intl,Chennai,Tamil Nadu,12.9944,80.1805,16.0,28.0,1010.16,69.9,NOAA/NWS ASOS via IEM Archive (provided source file),0,NORMAL,,,,,,15,6,1,6,Winter,1,-1.0,0.0,3.9000000000000057,AWS_VOBL,268.91547791167454,1.0,-3.7200000000000273,39.8,100.0,0,0.02,0
2025-01-06 16:00:00,AWS_VOMM,Chennai / Chennai Intl,Chennai,Tamil Nadu,12.9944,80.1805,16.0,28.0,1010.16,69.9,NOAA/NWS ASOS via IEM Archive (provided source file),0,NORMAL,,,,,,16,6,1,6,Winter,1,0.0,0.0,0.0,AWS_VOBL,268.91547791167454,1.0,-3.7200000000000273,41.8,100.0,0,0.02,0
2025-01-06 16:30:00,AWS_VOMM,Chennai / Chennai Intl,Chennai,Tamil Nadu,12.9944,80.1805,16.0,28.0,1010.16,69.9,NOAA/NWS ASOS via IEM Archive (provided source file),0,NORMAL,,,,,,16,6,1,6,Winter,1,0.0,0.0,0.0,AWS_VOBL,268.91547791167454,1.0,-3.7200000000000273,39.8,100.0,0,0.02,0
2025-01-06 17:00:00,AWS_VOMM,Chennai / Chennai Intl,Chennai,Tamil Nadu,12.9944,80.1805,16.0,28.0,1010.16,69.9,NOAA/NWS ASOS via IEM Archive (provided source file),0,NORMAL,,,,,,17,6,1,6,Winter,1,0.0,0.0,0.0,AWS_VOBL,268.91547791167454,2.0,-3.7200000000000273,38.00000000000001,100.0,0,0.02,0
2025-01-06 17:30:00,AWS_VOMM,Chennai / Chennai Intl,Chennai,Tamil Nadu,12.9944,80.1805,16.0,27.0,1010.16,74.1,NOAA/NWS ASOS via IEM Archive (provided source file),0,NORMAL,,,,,,17,6,1,6,Winter,1,-1.0,0.0,4.199999999999989,AWS_VOBL,268.91547791167454,1.0,-3.7200000000000273,39.99999999999999,100.0,0,0.02,0
2025-01-06 18:00:00,AWS_VOMM,Chennai / Chennai Intl,Chennai,Tamil Nadu,12.9944,80.1805,16.0,26.0,1010.16,78.6,NOAA/NWS ASOS via IEM Archive (provided source file),0,NORMAL,,,,,,18,6,1,6,Winter,0,-1.0,0.0,4.5,AWS_VOBL,268.91547791167454,0.0,-3.7200000000000273,44.49999999999999,100.0,0,0.02,0
2025-01-06 18:30:00,AWS_VOMM,Chennai / Chennai Intl,Chennai,Tamil Nadu,12.9944,80.1805,16.0,26.0,1010.84,78.6,NOAA/NWS ASOS via IEM Archive (provided source file),0,NORMAL,,,,,,18,6,1,6,Winter,0,0.0,0.6800000000000637,0.0,AWS_VOBL,268.91547791167454,3.0,-4.059999999999945,31.89999999999999,100.0,0,0.02,0
2025-01-06 19:00:00,AWS_VOMM,Chennai / Chennai Intl,Chennai,Tamil Nadu,12.9944,80.1805,16.0,26.0,1010.84,78.6,NOAA/NWS ASOS via IEM Archive (provided source file),0,NORMAL,,,,,,19,6,1,6,Winter,0,0.0,0.0,0.0,AWS_VOBL,268.91547791167454,3.0,-5.079999999999927,34.89999999999999,100.0,0,0.02,0
2025-01-06 19:30:00,AWS_VOMM,Chennai / Chennai Intl,Chennai,Tamil Nadu,12.9944,80.1805,16.0,25.0,1011.85,83.4,NOAA/NWS ASOS via IEM Archive (provided source file),0,NORMAL,,,,,,19,6,1,6,Winter,0,-1.0,1.009999999999991,4.800000000000011,AWS_VOBL,268.91547791167454,3.0,-4.069999999999936,30.40000000000001,100.0,0,0.02,0
2025-01-06 20:00:00,AWS_VOMM,Chennai / Chennai Intl,Chennai,Tamil Nadu,12.9944,80.1805,16.0,25.0,1011.85,83.4,NOAA/NWS ASOS via IEM Archive (provided source file),0,NORMAL,,,,,,20,6,1,6,Winter,0,0.0,0.0,0.0,AWS_VOBL,268.91547791167454,3.0,-5.079999999999927,26.800000000000004,100.0,0,0.02,0
2025-01-06 20:30:00,AWS_VOMM,Chennai / Chennai Intl,Chennai,Tamil Nadu,12.9944,80.1805,16.0,25.0,1012.87,83.4,NOAA/NWS ASOS via IEM Archive (provided source file),0,NORMAL,,,,,,20,6,1,6,Winter,0,0.0,1.0199999999999818,0.0,AWS_VOBL,268.91547791167454,4.0,-4.059999999999945,23.200000000000003,100.0,0,0.02,0
2025-01-06 21:00:00,AWS_VOMM,Chennai / Chennai Intl,Chennai,Tamil Nadu,12.9944,80.1805,16.0,25.0,1012.87,83.4,NOAA/NWS ASOS via IEM Archive (provided source file),0,NORMAL,,,,,,21,6,1,6,Winter,0,0.0,0.0,0.0,AWS_VOBL,268.91547791167454,6.0,-5.080000000000041,15.200000000000005,100.0,0,0.02,0
2025-01-06 21:30:00,AWS_VOMM,Chennai / Chennai Intl,Chennai,Tamil Nadu,12.9944,80.1805,16.0,25.0,1012.87,83.4,NOAA/NWS ASOS via IEM Archive (provided source file),0,NORMAL,,,,,,21,6,1,6,Winter,0,0.0,0.0,0.0,AWS_VOBL,268.91547791167454,6.0,-5.080000000000041,15.200000000000005,100.0,0,0.02,0
2025-01-06 22:00:00,AWS_VOMM,Chennai / Chennai Intl,Chennai,Tamil Nadu,12.9944,80.1805,16.0,25.0,1012.87,83.4,NOAA/NWS ASOS via IEM Archive (provided source file),0,NORMAL,,,,,,22,6,1,6,Winter,0,0.0,0.0,0.0,AWS_VOBL,268.91547791167454,6.0,-5.080000000000041,15.200000000000005,100.0,0,0.02,0
2025-01-06 22:30:00,AWS_VOMM,Chennai / Chennai Intl,Chennai,Tamil Nadu,12.9944,80.1805,16.0,24.0,1012.87,88.6,NOAA/NWS ASOS via IEM Archive (provided source file),0,NORMAL,,,,,,22,6,1,6,Winter,0,-1.0,0.0,5.199999999999989,AWS_VOBL,268.91547791167454,6.0,-5.080000000000041,16.0,100.0,0,0.02,0
2025-01-06 23:00:00,AWS_VOMM,Chennai / Chennai Intl,Chennai,Tamil Nadu,12.9944,80.1805,16.0,24.0,1012.87,88.6,NOAA/NWS ASOS via IEM Archive (provided source file),0,NORMAL,,,,,,23,6,1,6,Winter,0,0.0,0.0,0.0,AWS_VOBL,268.91547791167454,6.0,-5.080000000000041,16.0,100.0,0,0.02,0
2025-01-06 23:30:00,AWS_VOMM,Chennai / Chennai Intl,Chennai,Tamil Nadu,12.9944,80.1805,16.0,24.0,1012.87,88.6,NOAA/NWS ASOS via IEM Archive (provided source file),0,NORMAL,,,,,,23,6,1,6,Winter,0,0.0,0.0,0.0,AWS_VOBL,268.91547791167454,6.0,-5.080000000000041,11.199999999999989,100.0,0,0.02,0
